id_unidade;nome_unidade;nome_abreviado_unidade;email_unidade;email_unidade_2;email_unidade_3;telefone_1_unidade;telefone_2_unidade;cie_prodesp_unidade;nome_prodesp_sed;conveniada;nome_unidade_SOMAR;id_unidade_SOMAR;transporte_grupo_atendimento;endereco;endereco_numero;endereco_complemento;endereco_bairro;endereco_cep;regiao_SE_descricao;endereco_google;terreno;latitude;longitude;modalidade;Niveis_Integral;Niveis_Parcial;Niveis_Noite;unidades_dif_acesso
342;ABASC;ABASC;crechemaoamiga@abasc.com.br;administrativo@abasc.com.br;centrodeapoiomaoamiga@gmail.com;4336-3416;4822-2885;7475;ABASC MÃO AMIGA;1;Creche Parceira ABASC;664;G3;Rua Josue de Castro;153;;Las Palmas;;Jd. Orquídeas;-23.75795 -46.6052;;-2.375.795;-466.052;CC;Berçário Inicial,Berçário Final,Infantil I,Infantil II;;;
513;ABASC 2;ABASC 2;crecheriachogrande@abasc.com.br;;;;;9461;ABASC- ASSOCIAÇÃO BRASILEIRA DE AÇÃO SOCIAL CRISTÃ - MÃO AMIGA II;1;Creche Parceira ABASC II;672;G4;Rua Rio Acima;35;;Riacho Grande;;Parque Estoril, Riacho Grande e Finco;-23.77826 -46.52864;;-2.377.826;-4.652.864;CC;Berçário Final,Infantil I,Infantil II;;;
518;ABASC 3;ABASC 3;administrativo@abasc.com.br;;;48222885;;10540;ABASC III – Associação Brasileira de Ação Social Cristã;1;Creche Parceira ABASC III;684;G3;Avenida Rosa Aizemberg;613;;Vila Rosa;09862-305;;-23.70141 -46.58326;;-2.370.141;-4.658.326;CC;Berçário Inicial,Berçário Final,Infantil I;;;
340;ABEF- Associacao Beneficente Fidelidade;ABEF;abefidelidade@gmail.com;abefidelidade@yahoo.com.br;izatera@msn.com;1197130-2462 ;98994-4739;7427;ABEF - ASSOCIACAO BENEFICENTE FIDELIDADE;1;Creche Parceira ABEF;663;G1;Rua dos Vianas;3184;;Parque São Bernardo;09761-000;Jardim Farina, Parque São Bernardo e Alto Industrial;-23.70756 -46.52357;;-2.370.756;-4.652.357;CC;Infantil I,Infantil II;;;
3;Afonso Monteiro da Cruz, EMEB;Afonso Monteiro;afonso.cruz@saobernardo.sp.gov.br;;;4347-7586;;430110;AFONSO MONTEIRO DA CRUZ EMEB;0;Afonso Monteiro da Cruz - EMEB;392;G2;Rua Valdomiro Luiz;175;;Nossa Senhora de Fatima, Vila;09820-340;Terra Nova e Jd. Nossa Senhora de Fátima;-23.74396 -46.56576;3;-2.374.396;-4.656.576;C;Berçário Inicial,Berçário Final,Infantil I,Infantil II;;;3 OR 149 OR 168
15;Agostinho dos Santos, EMEB;Agostinho dos S;agostinho.santos@saobernardo.sp.gov.br;;;4335-5304;;448552;AGOSTINHO DOS SANTOS EMEB;0;Agostinho dos Santos - EMEB;538;G3;Rua  Australia;80;;Santo Ignacio, Jardim [Independencia];09861-390;Jd. Santo Ignácio;-23.70685 -46.5867;;-2.370.685;-465.867;C;Berçário Final,Infantil I,Infantil II;;;15 OR 100 OR 158
4;Aldino Pinotti, EMEB;Aldino Pinotti;aldino@saobernardo.sp.gov.br;;;4332-7537;;51056;ALDINO PINOTTI EMEB;0;Aldino Pinotti - EMEB;2;G1;Rua dos Vianas;2399;;Farina, Jardim [Baeta neves];09760-510;Jardim Farina, Parque São Bernardo e Alto Industrial;-23.70609 -46.53193;;-2.370.609;-4.653.193;I;;Infantil III,Infantil IV,Infantil V;;
5;Aldino Pinotti, EMEB Prefeito;Aldino Prefeito;aldino.prefeito@saobernardo.sp.gov.br;;;4330-2374;;217645;ALDINO PINOTTI PREFEITO EMEB;0;Aldino Pinotti, Prefeito - EMEB;3;G5;Rua Antonio Simionato;103;;Santa Terezinha;09780-180;Centro;-23.71294 -46.54058;;-2.371.294;-4.654.058;FE;;1º Ano,2º Ano,3º Ano,4º Ano,5º Ano;;
6;Alfredo Scarpelli, EMEB;Alfredo Scarpelli;alfredo.scarpelli@saobernardo.sp.gov.br;;;4357-5196;;282017;ALFREDO SCARPELLI EMEB;0;Alfredo Scarpelli - EMEB;144;G3;R. Cachoeiro de Itapemirim;S/N;;Alves Dias;09852-820;Jd. Thelma e Jd. Cláudia;-23.73412 -46.5845;;-2.373.412;-465.845;FE;;1º Ano,2º Ano,3º Ano,4º Ano,5º Ano;;
7;Alice do Lago Goncalves Salvador, EMEB Profa.;Alice do Lago;alice.lago@saobernardo.sp.gov.br;;;4345-1847;;96568;ALICE DO LAGO GONCALVES SALVADOR PROFESSORA EMEB;0;Alice do Lago Gonçalves Salvador, Professora - EMEB;4;G1;Rua da Educação;S/N;Altura No. 70;Montanhão;09847-315;Vila São Pedro, Vila Esperança e Jardim Irajá;-23.72591 -46.52463;;-2.372.591;-4.652.463;I;Infantil III,Infantil IV,Infantil V;;;
8;Aluisio de Azevedo, EMEB;Aluisio de Azevedo;aluisio.azevedo@saobernardo.sp.gov.br;;;4341-4511;;50748;ALUISIO DE AZEVEDO EMEB;0;Aluísio de Azevedo - EMEB;5;G3;Rua Cabral da Camara;57;;Calux, Jardim [Planalto];09895-200;Planalto;-23.70296 -46.57198;;-2.370.296;-4.657.198;CI;Infantil I,Infantil II,Infantil III,Infantil IV,Infantil V;;;
320;Alzira Martins de Mendonca, EMEB (Silvina Creche);Alzira M Mendonca;alzira.mendonca@saobernardo.sp.gov.br;;;2630-5220;;587965;ALZIRA MARTINS DE MENDONCA PROFESSORA EMEB;0;Alzira Martins de Mendonça, Professora - EMEB;588;G5;Rua Leo Comissari;550;;Silvina;09791-006;Jd. Silvina;-23.7452 -46.53876;;-237.452;-4.653.876;CI;Berçário Final,Infantil I,Infantil II,Infantil III,Infantil IV,Infantil V;;;
10;Ana Henriqueta Clark Marim, EMEB;Ana Henriqueta;ana.henriqueta@saobernardo.sp.gov.br;;;4122-1506;;61888;ANA HENRIQUETA CLARK MARIM PROFESSORA EMEB;0;Ana Henriqueta Clark Marim, Professora - EMEB;6;G1;Rua Sabino Demarchi;50;;Industrial, Jardim;09762-040;Jardim Farina, Parque São Bernardo e Alto Industrial;-23.70729 -46.52103;15;-2.370.729;-4.652.103;I;;Infantil III,Infantil IV,Infantil V;;10 OR 48
11;Ana Maria Poppovic, EMEB;Ana M Poppovic;ana.maria.poppovic@saobernardo.sp.gov.br;;;4109-6498;;87907;ANA MARIA POPPOVIC EMEB;0;Ana Maria Poppovic - EMEB;7;G6;Rua Carlos Wunderlick;100;;Detroit, Jardim [Bairro dos Casa];09840-460;Ipê, Jd. Detroit e Divinéia;-23.73629 -46.57186;;-2.373.629;-4.657.186;I;;Infantil III,Infantil IV,Infantil V;;
12;Andre Ferreira, EMEB Prof.;Andre Ferreira;andre.ferreira@saobernardo.sp.gov.br;;;4127-0232;;278476;ANDRE FERREIRA PROFESSOR EMEB;0;André Ferreira, Professor - EMEB;8;G2;Rua Regente Lima e Silva;301;;Ferrazopolis;09781-130;Ferrazópolis;-23.72871 -46.5380;;-2.372.871;-465.380;F;;1º Ano,2º Ano,3º Ano,4º Ano,5º Ano;EJA;
223;Angela Baso Agostin, Associacao Cultural Dom Decio Pereira 1 - Creche (Jd Silvina);Angela Baso CC;crecheangela@institutodomdecio.org.br;;;4338-3737;;452828;ANGELA BASO AGOSTIN CRECHE;1;Creche Parceira ÂNGELA BASO;568;G5;Av. Gen. Barreto de Menezes;366;;Jardim Silvina;09791-150;Jd. Silvina;-23.73601 -46.5357;;-2.373.601;-465.357;CC;Infantil II;;;
16;Angelo Ceroni, EMEB Padre;Angelo Ceroni;angelo.ceroni@saobernardo.sp.gov.br;;;4330-8613;;246448;ANGELO CERONI PADRE EMEB;0;Ângelo Ceroni, Padre - EMEB;10;G5;Al. Dom Pedro de Alcantara;805;;Nascimento, Jardim;09771-281;Centro;-23.70679 -46.53559;;-2.370.679;-4.653.559;FE;;1º Ano,2º Ano,3º Ano,4º Ano,5º Ano;;
17;Anisio Teixeira, EMEB;Anisio Teixeira;anisio.teixeira@saobernardo.sp.gov.br;;;4178-4838;;82843;ANISIO TEIXEIRA EMEB;0;Anísio Teixeira - EMEB;11;G3;Rua Francisco da Silva Prado;132;;Florida, Vila [Taboao];09661-010;Taboão;-23.66081 -46.59792;;-2.366.081;-4.659.792;I;Infantil III,Infantil IV,Infantil V;;;
18;Annita Magrini Guedes, EMEB Profa.;Annita Magrini;annita.magrini@saobernardo.sp.gov.br;;;4330-5658;;217657;ANNITA MAGRINI GUEDES PROFA EMEB;0;Annita Magrini Guedes, Professora - EMEB;12;G1;Rua  Americana;102;;Baeta neves;09751-110;Baeta Neves;-23.68864 -46.54603;;-2.368.864;-4.654.603;F;;1º Ano,2º Ano,3º Ano,4º Ano,5º Ano;;
19;Antonio de Lima, EMEB;Antonio de Lima;antonio.lima@saobernardo.sp.gov.br;;;4127-4183;;91017;ANTONIO DE LIMA EMEB;0;Antônio de Lima - EMEB;13;G5;Rua Dom Fernando Mascarenhas;100;;Silvina, Jardim [Montanhao];09791-020;Jd. Silvina;-23.7370 -46.53723;;-237.370;-4.653.723;I;;Infantil III,Infantil IV,Infantil V;;
20;Antonio dos Santos Farias, EMEB;Antonio S Farias;antonio.farias@saobernardo.sp.gov.br;;;4357-3034;;441703;ANTONIO DOS SANTOS FARIAS EMEB;0;Antônio dos Santos Farias - EMEB;425;G2;Rua Irati;11;;Represa, Jardim [Battistini];09843-370;Jd. Represa, Parque Los Angeles e Parque Imigrantes;-23.77538 -46.59933;5;-2.377.538;-4.659.933;F;;1º Ano,2º Ano,3º Ano,4º Ano,5º Ano;;20 OR 44
21;Antonio Jose Mantuan, EMEB;Antonio Mantoan;antonio.mantuan@saobernardo.sp.gov.br;;;4127-7666;;229970;ANTONIO JOSE MANTUAN EMEB;0;Antônio José Mantuan - EMEB;14;G2;Av. Albert Schweitzer;416;;Jardim Leblon (Ferrazopolis);09790-000;Ferrazópolis;-23.72494 -46.54207;;-2.372.494;-4.654.207;C;Berçário Final,Infantil I,Infantil II;;;
22;Antonio Pereira Coutinho, EMEB;Antonio P Coutinho;antonio.pereira.coutinho@saobernardo.sp.gov.br;;;4358-2046;;95345;ANTONIO PEREIRA COUTINHO EMEB;0;Antônio Pereira Coutinho - EMEB;15;G6;Rua Ademar Saraiva Leao;215;;Alvarenga;09853-120;Alvarenga e Parque Esmeralda;-23.74045 -46.60435;;-2.374.045;-4.660.435;I;;Infantil III,Infantil IV,Infantil V;;
23;Ari Lacerda Rodrigues, EMEB;Ari Lacerda;ari.lacerda@saobernardo.sp.gov.br;;;4342-2444;;281992;ARI LACERDA RODRIGUES EMEB;0;Ari Lacerda Rodrigues - EMEB;16;G6;Rua Primeiro de Maio / Estrada dos Casas;180;;Jardim Ipe;09840-000;Ipê, Jd. Detroit e Divinéia;-23.74031 -46.57651;;-2.374.031;-4.657.651;FE;1º Ano,2º Ano,3º Ano,4º Ano,5º Ano;;;
319;Ariano Suassuna, Creche (Farina);Ariano Suassuna;ariano.suassuna@saobernardo.sp.gov.br;;;2630-5286;;4035;ARIANO SUASSUNA EMEB;0;Ariano Suassuna - EMEB;589;G1;Rua dos Vianas;2242;;Baeta Neves;09760-510;Jardim Farina, Parque São Bernardo e Alto Industrial;-23.70608 -46.53363;;-2.370.608;-4.653.363;I;Infantil III,Infantil IV,Infantil V;;;
24;Arlindo Ferreira, EMEB;Arlindo Ferreira;arlindo.ferreira@saobernardo.sp.gov.br;;;4173-2377;;430055;ARLINDO FERREIRA EMEB;0;Arlindo Ferreira - EMEB;452;G3;Rua Xavier de Toledo;521;;Vila Pauliceia;09692-030;Paulicéia;-23.67087 -46.58508;11;-2.367.087;-4.658.508;C;Berçário Final,Infantil I,Infantil II;;;24 OR 161
25;Arlindo Miguel Teixeira, EMEB;Arlindo Miguel;arlindo.miguel@saobernardo.sp.gov.br;;;4357-4395;;242020;ARLINDO MIGUEL TEIXEIRA EMEB;0;Arlindo Miguel Teixeira - EMEB;17;G6;Estrada dos Alvarengas;7500;;Jardim Laura (Alvarenga);09850-550;Alvarenga e Parque Esmeralda;-23.74423 -46.61172;;-2.374.423;-4.661.172;FE;;1º Ano,2º Ano,3º Ano,4º Ano,5º Ano;EJA;25 OR 59
26;Armando Zoboli, EMEB;Armando Zoboli;armando.zoboli@saobernardo.sp.gov.br;;;4109-5282;;385323;ARMANDO ZOBOLI EMEB;0;Armando Zoboli - EMEB;391;G6;Rua Carlos Wunderlick;110;;Jardim Detroit;09840-460;Ipê, Jd. Detroit e Divinéia;-23.73626 -46.57187;;-2.373.626;-4.657.187;C;Berçário Inicial,Berçário Final,Infantil I,Infantil II;;;
186;ASSISBRAC I;Assisbrac 1;assisbrac@assisbrac.org.br;;;4392-7492;;291959;ASSIST SOCIAL BENEF DE RESGATE AO AMPARO A CRIANCA;1;Creche Parceira ASSISBRAC I;269;G3;Rua dos Macucos;14;;Parque dos Passaros;09861-350;Jd. Santo Ignácio;-23.70749 -46.58764;;-2.370.749;-4.658.764;CC;Berçário Inicial,Berçário Final,Infantil I;;;
336;ASSISBRAC II - Pq Selecta;Assisbrac 2;assisbrac@assisbrac.org.br;;;4335-0719;4348-7144;7252;Creche Parceira ASSISBRAC II;1;Creche Parceira ASSISBRAC II;659;G2;Rua dos Macucos;14;;Parque dos Passaros;09861-350;Jd. Santo Ignácio;-23.70749 -46.58764;;-2.370.749;-4.658.764;CC;Berçário Inicial,Berçário Final,Infantil I,Infantil II;;;
208;ASSISBRAC III (antigo Fraterno 2);Assisbrac 3;crecheassisbrac3@gmail.com;;;4337-9152;;385852;ASSISBRAC III;1;Creche Parceira ASSISBRAC III;450;G3;Estrada dos Alvarengas;1422;;Bairro Campestre;;Jd. Thelma e Jd. Cláudia;-23.73432 -46.57953;;-2.373.432;-4.657.953;CC;Berçário Final,Infantil I,Infantil II;;;
27;Aureo Cruz, EMEB Prof.;Aureo Cruz;aureo.cruz@saobernardo.sp.gov.br;;;4109-8477;;61839;AUREO CRUZ PROFESSOR EMEB;0;Áureo Cruz, Professor - EMEB;18;G3;Rua Lazaro Zamenhoff;110;Entrada pela Oswaldo Fregonezi;Jardim Brasilandia (Assuncao);09861-670;Alves Dias;-23.71651 -46.58198;8;-2.371.651;-4.658.198;I;;Infantil III,Infantil IV,Infantil V;;27 OR 160
181;Belenzinho, ABAS - Associacao Belenzinho de Assistencia Social - Creche;Belenzinho ABAS CC;abasbelenzinho@gmail.com;;;4121-5470;;385748;BELENZINHO ASSOCIACAO DE ASSISTENCIA SOCIAL;1;Creche Parceira ABAS - BELENZINHO;273;G1;Av. Luiz Pequini;25;;Pq. Sao Bernardo;09780-250;Jardim Farina, Parque São Bernardo e Alto Industrial;-23.70835 -46.52562;;-2.370.835;-4.652.562;CC;Infantil I,Infantil II;;;
28;Belmiro Soares da Cunha, EMEB;Belmiro S Cunha;belmiro.soares@saobernardo.sp.gov.br;;;4356-5732;;82351;BELMIRO SOARES DA CUNHA EMEB;0;Belmiro Soares da Cunha - EMEB;64;G2;Rua Silvio Pasin;150;;Jardim Jerusalem;09811-345;Demarchi;-23.72696 -46.55775;;-2.372.696;-4.655.775;F;;1º Ano,2º Ano,3º Ano,4º Ano,5º Ano;;
29;Benedito Jose de Morais, EMEB;Benedito Jose;benedito.morais@saobernardo.sp.gov.br;;;4338-7722;;82454;BENEDITO JOSE DE MORAIS EMEB;0;Benedito José de Morais - EMEB;19;G5;Rua Part. Flora Bulcao Vertemate;110;;Jardim Silvina;09791-180;Jd. Silvina;-23.73685 -46.53812;2;-2.373.685;-4.653.812;FE;;1º Ano,2º Ano,3º Ano,4º Ano,5º Ano;;29 OR 128
30;Bernardo Pedroso, EMEB;Bernardo Pedroso;bernardo.pedroso@saobernardo.sp.gov.br;;;4123-8192;;82855;BERNARDO PEDROSO EMEB;0;Bernardo Pedroso - EMEB;20;G1;Rua Maria de Fatima;372;;Vila Fonte Radioativa (Baeta Neves);09760-480;Baeta Neves;-23.69745 -46.54213;;-2.369.745;-4.654.213;C;Berçário Inicial,Berçário Final,Infantil I,Infantil II;;;
185;Betel, ASPAS  Ass Presbiteriana Ass Social  Creche;Betel ASPAS CC;aspas.betel@uol.com.br;;;4335-5791;;292285;ASSOCIACAO PRESBITERIANA DE ASSISTENCIA SOCIAL;1;Creche Parceira BETEL;268;G5;Av. Marques de Barbacena;40;;Jardim Silvina;09791-120;Jd. Silvina;-23.73782 -46.53654;16;-2.373.782;-4.653.654;CC;Berçário Inicial,Berçário Final,Infantil I,Infantil II;;;
31;Bosko Preradovic, EMEB;Bosko Preradovic;bosko.preradovic@saobernardo.sp.gov.br;;;4358-5205;;282005;BOSKO PRERADOVIC EMEB;0;Bosko Preradovic - EMEB;21;G3;Rua Braz Cubas;121;;Alvarenga;09854-030;Jd. Orquídeas;-23.75480 -46.60397;;-2.375.480;-4.660.397;FE;;1º Ano,2º Ano,3º Ano,4º Ano,5º Ano;EJA;
32;Bruno Massone, EMEB;Bruno Massone;bruno.massone@saobernardo.sp.gov.br;;;4101-7766;;200189;BRUNO MASSONE EMEB;0;Bruno Massone - EMEB;42;G4;Rua Cintra;20;;Estoril;09831-040;Parque Estoril, Riacho Grande e Finco;-23.77527 -46.52164;;-2.377.527;-4.652.164;IF;1º Ano,2º Ano,3º Ano,4º Ano,5º Ano;;;
33;Caetano de Campos, EMEB;Caetano Campos;caetano.campos@saobernardo.sp.gov.br;;;4178-4858;;50842;CAETANO DE CAMPOS EMEB;0;Caetano de Campos - EMEB;22;G3;Rua Miragaia;848;;Vila Pauliceia;09689-100;Paulicéia;-23.67124 -46.59201;;-2.367.124;-4.659.201;I;;Infantil III,Infantil IV,Infantil V;;
34;Candido Portinari, EMEB;Candido Portinari;candido.portinari@saobernardo.sp.gov.br;;;4125-4040;;51100;CANDIDO PORTINARI EMEB;0;Cândido Portinari - EMEB;23;G5;Rua Princesa Maria Amelia;375;;Nova Petropolis;09771-120;Centro;-23.70503 -46.54535;;-2.370.503;-4.654.535;I;Infantil III,Infantil IV,Infantil V;;;
35;Carlos Gomes, EMEB;Carlos Gomes;carlos.gomes@saobernardo.sp.gov.br;;;4109-8376;;50738;CARLOS GOMES EMEB;0;Carlos Gomes - EMEB;24;G6;Estrada dos Casas;2641;;Jardim Ipe (Bairro dos Casas);09840-000;Ipê, Jd. Detroit e Divinéia;-23.74154 -46.57596;19;-2.374.154;-4.657.596;I;;Infantil III,Infantil IV,Infantil V;;35 OR 107
36;Carmen Tabet De Oliveira, EMEB Profa.;Carmen Tabet;carmen.tabet@saobernardo.sp.gov.br;;;43540933;4101-9151;246438;CARMEN TABET DE OLIVEIRA MARQUES PROFA EMEB;0;Carmen Tabet de Oliveira Marques, Professora - EMEB;25;G4;R. Quirino Emílio de Jesus;500;;Tatetos;09837-207;Pós Balsa;-23.82917 -46.56604;;-2.382.917;-4.656.604;IFE;1º Ano,2º Ano,3º Ano,4º Ano,5º Ano;;;
222;Carolina Maria de Jesus, EMEB (Creche S Bernardo);Carolina M Jesus;carolina.jesus@saobernardo.sp.gov.br;;;2630-5202;26305209;4322;CAROLINA MARIA DE JESUS EMEB;0;Carolina Maria de Jesus - EMEB;587;G1;Alameda Minas Gerais;35;;Jd Nascimento;09765-300;Jardim Farina, Parque São Bernardo e Alto Industrial;-23.71057 -46.52408;;-2.371.057;-4.652.408;CI;Berçário Final,Infantil I,Infantil II,Infantil III,Infantil IV,Infantil V;;;
191;Casa das Criancas Menino Jesus, Congregacao de Sao Joao Batista - Creche;Menino Jesus CC;ccmj@csjbbrasil.org.br;;;4341-6006;;294627;MENINO JESUS CASA DAS CRIANCAS;1;Creche Parceira MENINO JESUS;264;G3;Rua Dr. Jose Oria;444;;Planalto;09890-030;Planalto;-23.6935 -46.57011;;-236.935;-4.657.011;CC;Berçário Final,Infantil I,Infantil II;;;
37;Cassiano Faria, EMEB Prof.;Cassiano Faria;cassiano.faria@saobernardo.sp.gov.br;;;4339-2585;;217669;CASSIANO FARIA PROF EMEB;0;Cassiano Faria, Professor - EMEB;26;G5;Rua Leila Goncalves;480;;Vila Goncalves (Centro);09725-051;Centro;-23.71312 -46.55897;;-2.371.312;-4.655.897;F;;1º Ano,2º Ano,3º Ano,4º Ano,5º Ano;;
38;Cassiano Ricardo, EMEB;Cassiano Ricardo;cassiano.ricardo@saobernardo.sp.gov.br;;;4343-5952;;50817;CASSIANO RICARDO EMEB;0;Cassiano Ricardo - EMEB;27;G3;Av. Moinho Fabrini;680;;Jardim Brasilia - Independencia;09862-000;Jd. Santo Ignácio;-23.69876 -46.58108;;-2.369.876;-4.658.108;I;Infantil III,Infantil IV,Infantil V;;;
39;Castro Alves, EMEB;Castro Alves;castro.alves@saobernardo.sp.gov.br;;;4122-5666;;50982;CASTRO ALVES EMEB;0;Castro Alves - EMEB;28;G3;Rua Luiz Ferreira da Silva;372;;Parque Sao Diogo (Anchieta);09732-340; Vila Euclides e Vila Marlene;-23.68112 -46.5580;;-2.368.112;-465.580;I;Infantil III,Infantil IV,Infantil V;;;
40;Cecilia Meireles, EMEB;Cecilia Meireles;cecilia.meireles@saobernardo.sp.gov.br;;;4122-4900;;51135;CECILIA MEIRELES EMEB;0;Cecília Meireles - EMEB;29;G1;Rua Campinas;70;;Baeta Neves;09751-420;Baeta Neves;-23.69311 -46.54232;;-2.369.311;-4.654.232;I;;Infantil III,Infantil IV,Infantil V;;
41;Cecilia Oliveira Turbay, EMEB Profa.;Cecilia Turbay;cecilia.turbay@saobernardo.sp.gov.br;;;4354-9127;;229969;CECILIA OLIVEIRA TURBAY PROFA EMEB;0;Cecília Oliveira Turbay, Professora - EMEB;30;G4;Rua Marcilio Conrado;650;;Riacho Grande;09830-290;Parque Estoril, Riacho Grande e Finco;-23.78317 -46.52863;18;-2.378.317;-4.652.863;C;Berçário Inicial,Berçário Final,Infantil I,Infantil II;;;
210;Celso Augusto Daniel, EMEB;Celso A Daniel;ceu.celsodaniel@saobernardo.sp.gov.br;;;4352-0434;4352-3929;475439;CELSO AUGUSTO DANIEL EMEB;0;Celso Augusto Daniel - EMEB;540;G3;Rua Centauro (CJ Hab 3 Marias);190;;Cooperativa;09852-205;Cooperativa;-23.72086 -46.59174;6;-2.372.086;-4.659.174;CIF;Infantil III,Infantil IV,Infantil V,1º Ano,2º Ano,3º Ano,4º Ano,5º Ano;;EJA;210 OR 528
42;Cicero Porfirio dos Santos Gilberto Lazzuri, EMEB;Cicero Porfirio;cicero.porfirio@saobernardo.sp.gov.br;;;4358-1598;;225095;CÍCERO PORFÍRIO DOS SANTOS/GILBERTO LAZZURI EMEB;0;Cícero Porfírio dos Santos/Gilberto Lazzuri - EMEB;32;G3;Rua Paraguacu;351;;Jardim Thelma (Alvarenga);09850-700;Jd. Thelma e Jd. Cláudia;-23.73465 -46.59095;;-2.373.465;-4.659.095;CI;;Infantil I,Infantil II,Infantil III,Infantil IV,Infantil V;;
43;Claudemir Gomes do Vale, EMEB Prof.;Claudemir Gomes;claudemir.gomes@saobernardo.sp.gov.br;;;4338-6511;;82338;CLAUDEMIR GOMES DO VALE PROF EMEB;0;Claudemir Gomes do Vale, Professor - EMEB;106;G4;Estrada da Pedra Branca;854;;Montanhao;09792-301;Areião;-23.75499 -46.53021;;-2.375.499;-4.653.021;FE;;1º Ano,2º Ano,3º Ano,4º Ano,5º Ano;EJA;
44;Cleia Maria Teures de Souza, EMEB;Cleia MTeures;cleia.teures@saobernardo.sp.gov.br;;;4336-1127;;95357;CLEIA MARIA TEURES DE SOUZA EMEB;0;Cléia Maria Teures de Souza - EMEB;426;G2;Rua Irati;2;;Jardim da Represa (Battistini);09843-370;Jd. Represa, Parque Los Angeles e Parque Imigrantes;-23.77538 -46.59929;5;-2.377.538;-4.659.929;CI;;Infantil III,Infantil IV,Infantil V;;20 OR 44
45;Coelho Neto, EMEB;Coelho Neto;coelho.neto@saobernardo.sp.gov.br;;;4343-8383;;50775;COELHO NETO EMEB;0;Coelho Neto - EMEB;34;G3;Av. Joaquim Goncalves Ledo;150;;Vila Rosa (Independencia);09862-380;Jd. Santo Ignácio;-23.70082 -46.58613;;-2.370.082;-4.658.613;I;;Infantil III,Infantil IV,Infantil V;;
46;Cora Coralina, EMEB;Cora Coralina;cora.coralina@saobernardo.sp.gov.br;;;4127-8242;;91029;CORA CORALINA EMEB;0;Cora Coralina - EMEB;35;G2;Rua Primo Bechelli;157;;Parque Selecta (Montanhao);09791-620;Parque Selecta;-23.74121 -46.52882;;-2.374.121;-4.652.882;I;;Infantil II,Infantil III,Infantil IV,Infantil V;;
200;Crianca Emmanuel, Lar da;Lar Emmanuel CC;lardacriancaemmanuel@gmail.com;lardacriancaemmanuel@terra.com.br;;4109-8938;;291812;LAR DA CRIANCA EMMANUEL UNIDADE I;1;Creche Parceira LAR DA CRIANÇA EMMANUEL;270;G3;Av. Humberto de Alencar Castelo Branco;2955;;Alves Dias;;Alves Dias;-23.71626 -46.58493;;-2.371.626;-4.658.493;CC;Berçário Inicial,Berçário Final,Infantil I,Infantil II;;;
206;Dehon, Nucleo Marisa - Creche Padre;Dehon Padre CC;crechepedehon@imsjt.org.br;crechepedehon@crechepedehon.org.br;;4101-7857;98433-8609;385918;DEHON PADRE CRECHE NUCLEO MARISA;1;Creche Parceira PADRE DEHON;449;G4;Estrada do Cocaia;1238;;Varginha;;Parque Estoril, Riacho Grande e Finco;-23.7807 -46.50186;;-237.807;-4.650.186;CC;Infantil I,Infantil II;;;
47;Di Cavalcanti, EMEB;Di Cavalcanti;di.cavalcanti@saobernardo.sp.gov.br;;;4127-0678;;50970;DI CAVALCANTI EMEB;0;Di Cavalcanti - EMEB;36;G2;Av. Fernando Ferrari;401;;Vila Formosa (Ferrazopolis);09790-110;Ferrazópolis;-23.72697 -46.54400;;-2.372.697;-4.654.400;I;Infantil III,Infantil IV,Infantil V;;;
48;Dolores de Toledo de Matteo, EMEB;Dolores Toledo;dolores.matteo@saobernardo.sp.gov.br;;;4123-9568;;229994;DOLORES DE TOLEDO DE MATTEO PROFA EMEB;0;Dolores de Toledo de Matteo, Professora - EMEB;37;G1;Rua Sabino Demarchi;250;;Jd Sao Jose;09762-040;Jardim Farina, Parque São Bernardo e Alto Industrial;-23.7077 -46.52012;15;-237.077;-4.652.012;C;Berçário Inicial,Berçário Final,Infantil I,Infantil II;;;10 OR 48
49;Dora e Mauricio Galante, EMEB;Dora e Mauricio;dora.mauricio@saobernardo.sp.gov.br;;;4127-2001;;229982;DORA E MAURICIO GALANTE EMEB;0;Dora e Maurício Galante - EMEB;38;G5;Rua Diogo Botelho;340;;Jardim Silvina (Montanhao);09791-030;Jd. Silvina;-23.73829 -46.53893;;-2.373.829;-4.653.893;C;Infantil I,Infantil II;;;
50;Edson Danilo Dotto, EMEB;Edson Danilo;edson.danillo@saobernardo.sp.gov.br;;;4334-1019;;242056;EDSON DANILLO DOTTO EMEB;0;Edson Danillo Dotto - EMEB;39;G2;Av. Pedro Mendes;1875;;Parque Selecta (Montanhao);09791-530;Parque Selecta;-23.74001 -46.52748;;-2.374.001;-4.652.748;FE;;1º Ano,2º Ano,3º Ano,4º Ano,5º Ano;;
332;El Elion Creche 1 - Instituto Assistencial Edificando Vidas;El Elion CC 1;crecheeducacionalelelion@gmail.com;;;4472-3771;940469577;6490;CRECHE EL ELION;1;Creche Parceira EL ELION;652;G3;Rua Ministro Edgard Costa ;201;;Jd do Lago;;Jd. Thelma e Jd. Cláudia;-23.73654 -46.57746;;-2.373.654;-4.657.746;CC;Infantil I,Infantil II;;;
341;El Elion Creche 2 Instituto Assistencial Edificando Vidas;El Elion CC 2;crecheelion.unidade2@gmail.com;brunazucchino@gmail.com;kleyton.cw@gmail.com;1599853-6105;99978-5180;7437;EDIFICANDO VIDAS II;1;Creche Parceira EL ELION II;665;G2;Rua Guarapuava;20;;Jardim Represa;09843-350;Jd. Represa, Parque Los Angeles e Parque Imigrantes;-23.77943 -46.59796;;-2.377.943;-4.659.796;CC;Berçário Final,Infantil I,Infantil II;;;
525;Eliane Quinonero, EMEB;Eliane Quinonero;;;;;;<>;;0;;0;;;;;;;;;1;;;C;Berçário Inicial,Berçário Final,Infantil I;;;213 OR 214 OR 524 OR 525
51;Erminia Paggi, EMEB Prof.;Erminia Paggi;erminia.paggi@saobernardo.sp.gov.br;;;4345-1680;;227997;ERMINIA PAGGI PROFESSORA EMEB;0;Ermínia Paggi, Professora - EMEB;40;G5;Rua Marisa Prado;166;;Jardim Palermo (Santa Terezinha);09780-410;Centro;-23.71527 -46.53379;;-2.371.527;-4.653.379;F;;1º Ano,2º Ano,3º Ano,4º Ano,5º Ano;EJA;
331;Espaco Solidario 1;Esp Solidario 1;solidario.espaco@gmail.com;;;41035974;;6457;ESPAÇO SOLIDÁRIO ASSOCIAÇÃO ASSISTENCIAL;1;Creche Parceira ESPAÇO SOLIDÁRIO I;656;G3;Avenida Barao de Maua;523;;Jd Maria Adelaide;; Vila Euclides e Vila Marlene;-23.69585 -46.56077;;-2.369.585;-4.656.077;CC;Infantil I,Infantil II;;;
333;Espaco Solidario 2;Esp Solidario 2;espacosolidario.unidade2@outlook.com;;;2598-7022;;6946;ESPACO SOLIDARIO ASSOCIACAO ASSISTENCIAL II;1;Creche Parceira ESPAÇO SOLIDÁRIO II;658;G1;Rua dos Vianas;413;;Baeta neves;;Baeta Neves;-23.6995 -46.54835;;-236.995;-4.654.835;CC;Berçário Final,Infantil I,Infantil II;;;
347;Espaco Solidario 3;Esp Solidario 3;espaco.solidario3@emeb.saobernardo.sp.gov.br;;;4339-7779;964637415;8036;ESPACO SOLIDARIO ASSOCIACAO ASSISTENCIAL III;1;Creche Parceira ESPAÇO SOLIDÁRIO III;669;G5;Rua Dom Vasco Mascarenhas;163;;Jardim Silvina;;Jd. Silvina;-23.73732 -46.53672;16;-2.373.732;-4.653.672;CC;Berçário Final,Infantil I,Infantil II;;;
196;Esperanca, Entidade Instituicao Assistencial e Educacional Jardim de;Esperanca CC;mara@jardimdeesperanca.org.br;jardimdeesperanca@jardimdeesperanca.org.br;;4173-3230;;291900;JARDIM DE ESPERANCA INSTITUICAO ASSISTENCIAL EDUCACIONAL;1;Creche Parceira JARDIM DE ESPERANÇA;280;G3;Rua Eugenia Sa Vitalli;1120;;Vl. Santa Luzia - Taboao;09665-000;Taboão;-23.66000 -46.61187;;-2.366.000;-4.661.187;CC;Berçário Final,Infantil I,Infantil II;;;
52;Euclides da Cunha, EMEB;Euclides Cunha;euclides.cunha@saobernardo.sp.gov.br;;;4127-3677;;51068;EUCLIDES DA CUNHA EMEB;0;Euclides da Cunha - EMEB;43;G5;Rua Jose Fiuza da Rocha;48;;Vila Sao Jose (Ferrazopolis);09790-445;Jd. Silvina;-23.73491 -46.53597;;-2.373.491;-4.653.597;I;;Infantil III,Infantil IV,Infantil V;;
53;Fernando Pessoa, EMEB;Fernando Pessoa;fernando.pessoa@saobernardo.sp.gov.br;;;4358-1845;;99326;FERNANDO PESSOA EMEB;0;Fernando Pessoa - EMEB;44;G3;R. Vania Silva Santos;57;;Alvarenga;09854-400;Jd. Orquídeas;-23.75213 -46.60132;;-2.375.213;-4.660.132;I;;Infantil III,Infantil IV,Infantil V;;
55;Fiorente Elena, Padre, EMEB;Fiorente Elena;fiorente.elena@saobernardo.sp.gov.br;;;4178-0886;;217505;FIORENTE ELENA PADRE EMEB;0;Fiorente Elena, Padre - EMEB;45;G3;Rua Drausio;900;;Pauliceia;09684-000;Paulicéia;-23.66999 -46.5960;;-2.366.999;-465.960;F;;1º Ano,2º Ano,3º Ano,4º Ano,5º Ano;;
56;Flaminio Araujo de Castro Rangel, EMEB Estudante;Flaminio Rangel;flaminio.araujo@saobernardo.sp.gov.br;;;4351-3022;;278518;FLAMINIO ARAUJO DE CASTRO RANGEL ESTUDANTE EMEB;0;Flamínio Araújo de Castro Rangel, Estudante - EMEB;46;G6;Rua Assuncao;176;;Vl.Marchi;09810-410;Assunção (Jd. Lavínia e Vila Euro);-23.72102 -46.56118;;-2.372.102;-4.656.118;F;;1º Ano,2º Ano,3º Ano,4º Ano,5º Ano;EJA;
57;Florestan Fernandes, EMEB Prof.;Florestan Fernandes;florestan.fernandes@saobernardo.sp.gov.br;;;4109-0720;;217517;FLORESTAN FERNANDES PROFESSOR EMEB;0;Florestan Fernandes, Professor - EMEB;47;G3;Rua Caminho da Educacao;330;;Alves Dias;09851-135;Cooperativa;-23.71684 -46.58833;;-2.371.684;-4.658.833;F;1º Ano,2º Ano,3º Ano,4º Ano,5º Ano;;;
59;Francisco Beltran Batistini, EMEB;Francisco Beltran;francisco.beltran@saobernardo.sp.gov.br;;;4358-0225;;111120;FRANCISCO BELTRAN BATISTINI PAQUITO EMEB;0;Francisco Beltran Batistini, Paquito - EMEB;48;G6;Estrada dos Alvarengas;7552;;Jardim Laura;09850-550;Alvarenga e Parque Esmeralda;-23.74576 -46.61235;;-2.374.576;-4.661.235;I;;Infantil III,Infantil IV,Infantil V;;25 OR 59
142;Francisco Diassis Gomes Teixeira, EMEB;Francisco Diassis;francisco.diassis@saobernardo.sp.gov.br;;;4332-6442;;448564;FRANCISCO DIASSIS GOMES TEIXEIRA EMEB;0;Francisco Diassis Gomes Teixeira - EMEB;547;G6;Estrada da Cama Patente;520;;Parque Esmeralda;09842-100;Alvarenga e Parque Esmeralda;-23.74500 -46.59593;17;-2.374.500;-4.659.593;C;Berçário Inicial,Berçário Final,Infantil I,Infantil II;;;
60;Francisco Miele, EMEB;Francisco Miele;francisco.miele@saobernardo.sp.gov.br;;;4351-2599;;91662;FRANCISCO MIELE EMEB;0;Francisco Miele - EMEB;49;G2;Rua Armando Backx;401;;Vila Jerusalem;09811-410;Demarchi;-23.72902 -46.55476;;-2.372.902;-4.655.476;I;Infantil III,Infantil IV,Infantil V;;;
511;Futuro Feliz II, Cei;Futuro Feliz 2;ceifuturofelizunidade2@gmail.com;;;;;9424;CEI FUTURO FELIZ II;0;Creche Parceira FUTURO FELIZ II;671;G3;Rua Tiete;35;;Vila Vivaldi - Rudge Ramos;09615-000;Rudge Ramos;-23.66892 -46.55501;;-2.366.892;-4.655.501;CC;Berçário Inicial,Berçário Final,Infantil I,Infantil II;;;
183;Futuro Feliz III, Cei (antigo Fraterno 1);Futuro Feliz 3;ceifuturofeliz23@gmail.com;;;4330-1712;;292230;FUTURO FELIZ III;1;Creche Parceira FUTURO FELIZ III;279;G1;Rua Setimo Guazzelli;99;;Jd. Trieste;09760-600;Jardim Farina, Parque São Bernardo e Alto Industrial;-23.70385 -46.53481;14;-2.370.385;-4.653.481;CC;Berçário Final,Infantil I,Infantil II;;;
519;Futuro Feliz V, Cei;Futuro Feliz 5;administrativo@abasc.com.br;;;43341457;;10036;CEI FUTURO FELIZ V - ASSOCIAÇÃO A PALAVRA DE DEUS;0;Creche Parceira FUTURO FELIZ V;675;G4;Rua Nossa Semhra Aparecida;14;;Montanhão;09792-400;;-23.75817 -46.53092;;-2.375.817;-4.653.092;CC;Berçário Final,Infantil I,Infantil II;;;
339;Futuro Feliz, Cei;Futuro Feliz 1;ceifuturofeliz20@gmail.com;crecherubemalves2019@gmail.com;associacao.apd@gmail.com;4334-1457;95958-8022;7435;CEI FUTURO FELIZ;1;Creche Parceira FUTURO FELIZ;662;G5;Rua Duarte Murtinho ;56;;Jd Silvina;09791-040;Jd. Silvina;-23.73870 -46.53870;;-2.373.870;-4.653.870;CC;Berçário Inicial,Berçário Final,Infantil I,Infantil II;;;
61;Geraldo de Melo Ferreira, EMEB;Geraldo Melo;geraldo.melo@saobernardo.sp.gov.br;;;4330-1758;;230017;GERALDO DE MELO FERREIRA EMEB;0;Geraldo de Melo Ferreira - EMEB;50;G1;Rua Almeida Leme;151;;Parque Sao Bernardo;09761-170;Jardim Farina, Parque São Bernardo e Alto Industrial;-23.70958 -46.52507;;-2.370.958;-4.652.507;C;Infantil I,Infantil II;;;
62;Geraldo Hypolito, EMEB Prof.;Geraldo Hypolito;geraldo.hypolito@saobernardo.sp.gov.br;;;4330-5961;;217670;GERALDO HYPOLITO PROFESSOR EMEB;0;Geraldo Hypólito, Professor - EMEB;51;G3;Rua Continental;787;;Vila Sao Joao (Anchieta);09726-411; Vila Euclides e Vila Marlene;-23.68518 -46.56252;;-2.368.518;-4.656.252;FE;;1º Ano,2º Ano,3º Ano,4º Ano,5º Ano;;
63;Gervasio Paz Folha, EMEB Vereador;Gervasio Paz;gervasio.folha@saobernardo.sp.gov.br;;;4173-3869;;430079;GERVASIO PAZ FOLHA VEREADOR EMEB;0;Gervásio Paz Folha, Vereador - EMEB;393;G3;Rua Genebra;189;;Bairro Suico;09663-080;Taboão;-23.65569 -46.59868;13;-2.365.569;-4.659.868;C;Berçário Final,Infantil I,Infantil II;;;63 OR 138
64;Gildo dos Santos, EMEB;Gildo dos Santos;gildo.santos@saobernardo.sp.gov.br;;;4109-9340;;229908;GILDO DOS SANTOS EMEB;0;Gildo dos Santos - EMEB;52;G6;Rua Profa. Pedra de Carvalho;20;;Jardim Lavinia;09811-140;Assunção (Jd. Lavínia e Vila Euro);-23.72556 -46.56405;;-2.372.556;-4.656.405;C;Infantil I,Infantil II;;;
65;Gofredo Teixeira da Silva Telles, EMEB;Gofredo Teixeira;gofredo.teixeira@saobernardo.sp.gov.br;;;4123-0644;;217682;GOFREDO TEIXEIRA DA SILVA EMEB;0;Gofredo Teixeira da Silva Telles - EMEB;53;G1;Rua Giacinto Tognato;1672;;Vl. Sto. Agostinho - Baeta Neves;09760-372;Jardim Farina, Parque São Bernardo e Alto Industrial;-23.70065 -46.53684;;-2.370.065;-4.653.684;F;1º Ano,2º Ano,3º Ano,4º Ano,5º Ano;;;
66;Goncalves Dias, EMEB;Goncalves Dias;goncalves.dias@saobernardo.sp.gov.br;;;4178-3576;;50866;GONCALVES DIAS EMEB;0;Gonçalves Dias - EMEB;54;G3;Rua Gra-Bretanha;250;;Vl. Santa Luzia - Taboao;09667-030;Taboão;-23.66172 -46.60983;;-2.366.172;-4.660.983;I;;Infantil III,Infantil IV,Infantil V;;
67;Graciliano Ramos, EMEB;Graciliano Ramos;graciliano.ramos@saobernardo.sp.gov.br;;;4101-6090;4101-7089;50805;GRACILIANO RAMOS EMEB;0;Graciliano Ramos - EMEB;55;G4;Rua Joao D angelo;71;;Riacho Grande;09830-350;Parque Estoril, Riacho Grande e Finco;-23.77981 -46.52907;;-2.377.981;-4.652.907;I;;Infantil III,Infantil IV,Infantil V;;
68;Guilherme de Almeida, EMEB;Guilherme Almeida;guilherme.almeida@saobernardo.sp.gov.br;;;4351-6716;;50830;GUILHERME DE ALMEIDA EMEB;0;Guilherme de Almeida - EMEB;423;G6;Rua Padre Igino Francisco Teixeira,;90;;Vila Euro;09810-160;Assunção (Jd. Lavínia e Vila Euro);-23.71807 -46.56675;;-2.371.807;-4.656.675;I;Infantil III,Infantil IV,Infantil V;;;
69;Heitor Villa Lobos, EMEB;Heitor Villa Lobos;heitor.villalobos@saobernardo.sp.gov.br;;;4396-4077;;50891;HEITOR VILLA LOBOS EMEB;0;Heitor Villa-Lobos - EMEB;56;G2;Rua Mateos Demarchi;229;;Vl. Judite - Demarchi;09820-270;Demarchi;-23.73971 -46.55576;;-2.373.971;-4.655.576;IF;;Infantil II,Infantil III,Infantil IV,Infantil V;;
70;Helena Zanfelici da Silva, EMEB;Helena Zanfelici;helena.zanfelici@saobernardo.sp.gov.br;;;4101-8120;;93919;HELENA ZANFELICI DA SILVA EMEB;0;Helena Zanfelici da Silva - EMEB;57;G4;Rua Jose Farhat;80;;Finco;09831-405;Parque Estoril, Riacho Grande e Finco;-23.78699 -46.53781;;-2.378.699;-4.653.781;IF;;Infantil III,Infantil IV,Infantil V,1º Ano,2º Ano,3º Ano,4º Ano,5º Ano;;
182;Hermann Gmeiner, Aldeias SOS - Creche;Aldeias SOS CC;maria.tracatto@aldeiasinfantis.org.br;dayane.feitosa@aldeiasinfantis.org.br;;4354-0272;;292540;ALDEIAS INFANTIS SOS BRASIL;1;Creche Parceira ALDEIAS INFANTIS;286;G4;Estrada Ernesto Zabeu;200;;Tatetos - Riacho Grande;09835-000;Pós Balsa;-23.80800 -46.57725;;-2.380.800;-4.657.725;CC;Berçário Inicial,Berçário Final,Infantil I,Infantil II;;;
217;Hilda Batazoli Teixeira, EMEB Profa (antiga Riacho Grande);Hilda Batazoli;riacho.grande@saobernardo.sp.gov.br;;;4101-8817;;5383;HILDA BATAZOLI TEIXEIRA PROFESSORA EMEB;0;Hilda Batazoli Teixeira, Professora - EMEB;582;G4;Rua Marcilio Conrado;350;;Riacho Grande;;Parque Estoril, Riacho Grande e Finco;-23.78367 -46.52799;18;-2.378.367;-4.652.799;C;Berçário Inicial,Berçário Final,Infantil I,Infantil II;;;
71;Hygino Baptista de Lima, EMEB;Hygino Baptista;hygino.baptista@saobernardo.sp.gov.br;;;4127-7133;;85807;HYGINO BAPTISTA DE LIMA EMEB;0;Hygino Baptista de Lima - EMEB;58;G2;Rua Abramo Luchesi;6;;Jardim Leblon;09781-030;Ferrazópolis;-23.72281 -46.53870;;-2.372.281;-4.653.870;I;Infantil III,Infantil IV,Infantil V;;;
72;Isidoro Battistin, EMEB;Isidoro Battistin;isidoro.battistin@saobernardo.sp.gov.br;;;4336-2062;;281980;ISIDORO BATTISTIN EMEB;0;Isidoro Battistin - EMEB;59;G2;Estrada Galvao Bueno;5085;;Battistini;09842-080;Batistini;-23.75587 -46.57759;4;-2.375.587;-4.657.759;IFE;1º Ano,2º Ano,3º Ano,4º Ano,5º Ano;;EJA;72 OR 106
73;Italo Damiani, EMEB;Italo Damiani;italo.damiani@saobernardo.sp.gov.br;;;2630-5284;4397-5900 /4101-6840;217499;ITALO DAMIANI EMEB;0;Ítalo Damiani - EMEB;60;G4;Estrada do Taquacetuba;3234;;Bairro Taquacetuba - Riacho Grande;09835-570;Pós Balsa;-23.82080 -46.60623;;-2.382.080;-4.660.623;F;1º Ano,2º Ano,3º Ano,4º Ano,5º Ano;;;
74;Ivaneide Nogueira, EMEB Profa.;Ivaneide Nogueira;ivaneide.nogueira@saobernardo.sp.gov.br;;;4357-3538;;61840;IVANEIDE NOGUEIRA PROFESSORA EMEB;0;Ivaneide Nogueira, Professora - EMEB;61;G4;Rua Iara Die Pereira;12500;;Santa Cruz;09835-557;Pós Balsa;-23.84323 -46.59758;;-2.384.323;-4.659.758;I;;Infantil III,Infantil IV,Infantil V;;
75;Jacob Zampieri, EMEB;Jacob Zampieri;jacob.zampieri@saobernardo.sp.gov.br;;;4178-1404;;430080;JACOB ZAMPIERI EMEB;0;Jacob Zampieri - EMEB;394;G3;Rua  Silas de Oliveira;92;;Jordanopolis;09894-050;Jordanópolis;-23.67931 -46.57791;10;-2.367.931;-4.657.791;C;Berçário Final,Infantil I,Infantil II;;;75 OR 155
76;Jandira Maria Casonato, EMEB Profa.;Jandira M Casonato;jandira.casonato@saobernardo.sp.gov.br;;;4123-0451;;217529;JANDIRA MARIA CASONATO PROFESSORA EMEB;0;Jandira Maria Casonato, Professora - EMEB;62;G3;Rua Padre Carmelo;59;;Jordanopolis;09892-000;Jordanópolis;-23.68577 -46.57100;;-2.368.577;-4.657.100;FE;;1º Ano,2º Ano,3º Ano,4º Ano,5º Ano;;
77;Janete Mally Betti Simoes, EMEB Profa.;Janete Mally;janete.mally@saobernardo.sp.gov.br;;;4125-0595;;278524;JANETE MALLY BETTI SIMOES PROFESSORA EMEB;0;Janete Mally Betti Simões, Professora - EMEB;63;G1;Rua dos Vianas;3520;;Jd.Industrial - Baeta Neves;09760-000;Jardim Farina, Parque São Bernardo e Alto Industrial;-23.70771 -46.52185;;-2.370.771;-4.652.185;F;;1º Ano,2º Ano,3º Ano,4º Ano,5º Ano;EJA;
201;Jesue Frantz Unidade I, Lar Escola;Jesue Frantz 1 CC;rosemeire.jangrossi@lejf.org.br;;;4178-4422;;292333;JESUE FRANTZ LAR ESCOLA;1;Creche Parceira JÊSUE FRANTZ I;267;G3;Rua Camargo;183/184;;Vila Pauliceia;;Paulicéia;-23.66480 -46.59574;;-2.366.480;-4.659.574;CC;Infantil I,Infantil II;;;
327;Jesue Frantz Unidade II, Lar Escola;Jesue Frantz 2 CC;dayse.felix@lejf.org.br;;marli.rodriguez@lejf.org.br;4057-1107;;6256;CRECHE PARCEIRA JÊSUE FRANTZ II;1;Creche Parceira JÊSUE FRANTZ II;653;G1;Rua Benedito Luiz Rodrigues;864;;Jardim Palermo;;Vila São Pedro, Vila Esperança e Jardim Irajá;-23.71245 -46.53598;;-2.371.245;-4.653.598;CC;Infantil I,Infantil II;;;
329;Jesue Frantz Unidade III, Lar Escola;Jesue Frantz 3 CC;roberta.pereira@lejf.org.br;;;4317-2704;;6248;CRECHE PARCEIRA JÊSUE FRANTZ III;1;Creche Parceira JÊSUE FRANTZ III;655;G2;Rua Tiradentes;398;;Santa Terezinha;09780-000;Ferrazópolis;-23.71540 -46.54269;;-2.371.540;-4.654.269;CC;Infantil I,Infantil II;;;
346;Jesue Frantz Unidade IV, Lar Escola;Jesue Frantz 4 CC;marli.rodriguez@lejf.org.br;;;0;;7915;INSTITUTO JESUE EDUCAÇÃO INFANTIL - IV;1;Creche Parceira JÊSUE FRANTZ IV;667;G3;Rua Capitao Alberto Mendes Júnior;96;;Jardim Beatriz;09895-050;Planalto;-23.70126 -46.57409;;-2.370.126;-4.657.409;CC;Berçário Inicial,Berçário Final,Infantil I;;;
305;Jesus Bambino, Obras Sociais Sao Pedro Apostolo III;Jesus Bambino CC;osspajesusbambino@gmail.com;;;4357-7335;4358-2244;6597;OBRAS SOCIAIS SÃO PEDRO APÓSTOLO III (CRECHE JESUS BAMBINO);1;Creche Parceira SÃO PEDRO III - CRECHE JESUS BAMBINO;581;G3;Rua Dom Oscar Romerio;114;;Jardim das Orquideas;09854-350;Jd. Orquídeas;-23.74853 -46.60445;;-2.374.853;-4.660.445;CC;Infantil I,Infantil II;;;
194;Jesus de Nazareth I, Creche;Jesus Naz 1 CC;crechejesusdenazarethum@gmail.com;;;4358-2298;4358-3006;291808;JESUS DE NAZARETH CRECHE;1;Creche Parceira JESUS DE NAZARETH I;262;G3;Rua Rita Mendes de Oliveira;419;;Jardim das Orquideas;09854-310;Jd. Orquídeas;-23.74794 -46.60306;;-2.374.794;-4.660.306;CC;Infantil I,Infantil II;;;
195;Jesus de Nazareth II, Creche;Jesus Naz 2 CC;crechenazarethdois@gmail.com;crechejesusdenazarethdois@yahoo.com.br;;4357-9481;;6562;CRECHE JESUS DE NAZARETH II;1;Creche Parceira JESUS DE NAZARETH II;282;G3;Rua Elizabeth Lobo;1315;;Jardim Las Palmas;09854-310;Jd. Orquídeas;-23.76067 -46.60909;;-2.376.067;-4.660.909;CC;Berçário Final,Infantil I,Infantil II;;;
79;Jorge Marcos de Oliveira, Dom, EMEB;Dom Jorge;jorge.marcos@saobernardo.sp.gov.br;;;4339-4088;;77537;JORGE MARCOS DE OLIVEIRA DOM EMEB O BISPO DOS TRABALHADORES;0;Jorge Marcos de Oliveira - O bispo dos trabalhadores, Dom - EMEB;66;G4;Estrada da Pedra Branca;754;;Areiao - Riacho Grande;09792-000;Areião;-23.75446 -46.53048;;-2.375.446;-4.653.048;CI;;Infantil II,Infantil III,Infantil IV,Infantil V;;
172;Jose Arnaud da Silva, EMEB (Pinheirinho);Jose Arnaud;jose.arnaud@saobernardo.sp.gov.br;;;4358-2333;;447024;JOSE ARNAUD DA SILVA EMEB;0;José Arnaud da Silva - EMEB;539;G2;Rua Paineiras;1;;Jardim Pinheiros;09854-700;Jd. Represa, Parque Los Angeles e Parque Imigrantes;-23.75995 -46.59732;;-2.375.995;-4.659.732;F;;1º Ano,2º Ano,3º Ano,4º Ano,5º Ano;;
80;Jose Augusto Oliveira Santos, EMEB;Jose Augusto;jose.augusto@saobernardo.sp.gov.br;;;4357-5533;;229945;JOSE AUGUSTO OLIVEIRA SANTOS EMEB;0;José Augusto Oliveira Santos - EMEB;67;G3;Rua Sheila de Mello Sobral;17;;Alvarenga;09854-540;Jd. Orquídeas;-23.75106 -46.59927;;-2.375.106;-4.659.927;C;Berçário Final,Infantil I,Infantil II;;;
81;Jose Avilez, Vereador, EMEB;Jose Avilez;jose.avilez@saobernardo.sp.gov.br;;;4396-8337;;82296;JOSE AVILEZ VEREADOR EMEB;0;José Avilez, Vereador - EMEB;147;G2;Rua Antonio S. Zampiere;120;;Bairro Demarchi;09820-050;Demarchi;-23.73504 -46.55691;;-2.373.504;-4.655.691;CIF;;Berçário Final,Infantil I,Infantil II,Infantil III,Infantil IV,Infantil V,1º Ano,2º Ano,3º Ano,4º Ano,5º Ano;;
82;Jose Cataldi, EMEB;Jose Cataldi;jose.cataldi@saobernardo.sp.gov.br;;;4347-8702;;82417;JOSE CATALDI EMEB;0;José Cataldi - EMEB;9;G2;Rua Joao Gerbelli;330;;Bairro Demarchi;09820-380;Demarchi;-23.73845 -46.55005;;-2.373.845;-4.655.005;F;;1º Ano,2º Ano,3º Ano,4º Ano,5º Ano;;
83;Jose de Alencar, EMEB;Jose Alencar;jose.alencar@saobernardo.sp.gov.br;;;4351-1899;;50763;JOSE DE ALENCAR EMEB;0;José de Alencar - EMEB;68;G6;Rua Benedetto Marson;17;;Vl.Marchi - Assuncao;;Assunção (Jd. Lavínia e Vila Euro);-23.72117 -46.56268;;-2.372.117;-4.656.268;I;Infantil III,Infantil IV,Infantil V;;;
84;Jose de Anchieta, EMEB;Jose Anchieta;jose.anchieta@saobernardo.sp.gov.br;;;4109-3794;;50799;JOSE DE ANCHIETA EMEB;0;José de Anchieta - EMEB;69;G3;Rua Guadalajara;510;;Jd. das Palmeiras - Assuncao;09812-500;Alves Dias;-23.72091 -46.57876;;-2.372.091;-4.657.876;I;Infantil III,Infantil IV,Infantil V;;;
85;Jose Ferraz de Magalhaes Castro, EMEB Dr.;Jose Ferraz;jose.ferraz@saobernardo.sp.gov.br;;;4398-7175;;217542;JOSE FERRAZ DE MAGALHAES CASTRO DR EMEB;0;José Ferraz de Magalhães Castro, Doutor - EMEB;70;G3;Rua Jose Ferraz Magalhaes Castro;155;;Vl. Rosa - Independencia;;Jd. Santo Ignácio;-23.69942 -46.58536;;-2.369.942;-4.658.536;FE;;1º Ano,2º Ano,3º Ano,4º Ano,5º Ano;;
86;Jose Getulio Escobar Bueno, EMEB Prof.;Jose Getulio;jose.getulio@saobernardo.sp.gov.br;;;4341-5844;;217530;JOSE GETULIO ESCOBAR BUENO PROF EMEB;0;José Getúlio Escobar Bueno, Professor - EMEB;71;G3;Rua Araldo Armani;381;;Jd.Calux - Planalto;09895-740;Planalto;-23.70250 -46.56681;9;-2.370.250;-4.656.681;FE;;1º Ano,2º Ano,3º Ano,4º Ano,5º Ano;;86 OR 109
87;Jose Ibiapino Franklin, EMEB;Jose Ibiapino;jose.ibiapino@saobernardo.sp.gov.br;;;4357-3522;;217554;JOSE IBIAPINO FRANKLIN EMEB;0;José Ibiapino Franklin - EMEB;72;G4;Rua Sete;14;;Bairro Santa Cruz - Riacho Grande;09835-563;Pós Balsa;-23.84401 -46.59895;;-2.384.401;-4.659.895;F;;1º Ano,2º Ano,3º Ano,4º Ano,5º Ano;EJA;
88;Jose Luiz Juca, EMEB;Jose L Juca;jose.juca@saobernardo.sp.gov.br;;;4127-2727;;281967;JOSE LUIZ JUCA EMEB;0;José Luiz Jucá - EMEB;73;G1;Rua Tiradentes;3180;;Santa Terezinha;09781-220;Vila São Pedro, Vila Esperança e Jardim Irajá;-23.72958 -46.52723;;-2.372.958;-4.652.723;FE;1º Ano,2º Ano,3º Ano,4º Ano,5º Ano;;;
89;Jose Mauricio, Padre, EMEB;Jose Mauricio;jose.mauricio@saobernardo.sp.gov.br;;;4392-2972;;82831;JOSE MAURICIO PADRE EMEB;0;José Maurício, Padre - EMEB;74;G3;Rua Jose Dias Donadelli;505;;Vl. Ferreira - Alves Dias;09851-180;Cooperativa;-23.71550 -46.58924;;-2.371.550;-4.658.924;I;Infantil III,Infantil IV,Infantil V;;;
90;Jose Roberto Preto, EMEB;Jose Roberto Preto;jose.roberto@saobernardo.sp.gov.br;;;4127-5777;;430122;JOSE ROBERTO PRETO EMEB;0;José Roberto Preto - EMEB;397;G1;Av. Tiradentes;1893;;Jardim Iraja;09781-220;Vila São Pedro, Vila Esperança e Jardim Irajá;-23.72766 -46.53104;;-2.372.766;-4.653.104;C;Berçário Final,Infantil I,Infantil II;;;
91;Josue de Castro, EMEB;Josue Castro;josue.castro@saobernardo.sp.gov.br;;;4122-4019;;230005;JOSUE DE CASTRO EMEB;0;Josué de Castro - EMEB;75;G1;Rua Primeiro de Maio;100;;Jd.Farina - Baeta Neves;09760-530;Jardim Farina, Parque São Bernardo e Alto Industrial;-23.70283 -46.53592;;-2.370.283;-4.653.592;C;Infantil I,Infantil II;;;
92;Julio Atlas, EMEB Escritor;Julio Atlas;julio.atlas@saobernardo.sp.gov.br;;;4178-6618;;217566;JULIO ATLAS ESCRITOR EMEB;0;Júlio Atlas, Escritor - EMEB;76;G3;Rua Francisco Alves;1301;;Pauliceia;09692-100;Paulicéia;-23.66614 -46.59202;;-2.366.614;-4.659.202;F;;1º Ano,2º Ano,3º Ano,4º Ano,5º Ano;;
93;Julio de Grammont, EMEB;Julio Grammont;julio.grammont@saobernardo.sp.gov.br;;;2630-7775;26307780;192338;JULIO DE GRAMMONT EMEB;0;Júlio de Grammont - EMEB;31;G3;Av. Dom Jaime Bairro Camara;201;;Planalto;09895-400;Planalto;-23.70731 -46.56376;;-2.370.731;-4.656.376;CIF;;Infantil III,Infantil IV,Infantil V,1º Ano,2º Ano,3º Ano,4º Ano,5º Ano;;
141;Karolina Zofia Lewandowska, EMEB;Karolina Zofia;karolina.zofia@saobernardo.sp.gov.br;;;4357-6992;voip 5202;448059;KAROLINA ZOFIA LEWANDOWSKA EMEB;0;Karolina Zofia Lewandowska - EMEB;401;G6;Estrada da Cama Patente;510;;Parque Esmeralda;09842-100;Alvarenga e Parque Esmeralda;-23.74499 -46.59593;17;-2.374.499;-4.659.593;IF;;Infantil III,Infantil IV,Infantil V,1º Ano,2º Ano,3º Ano,4º Ano,5º Ano;;
94;Kazue Fuzinaka, EMEB Prof.;Kazue Fuzinaka;kazue.fuzinaka@saobernardo.sp.gov.br;;;4368-3278;;217694;KAZUE FUZINAKA PROFA EMEB;0;Kazue Fuzinaka, Professora - EMEB;77;G3;Rua Joao Meneguel;233;;Vl. Julio Thome - Rudge Ramos;09623-020;Rudge Ramos;-23.66156 -46.57284;;-2.366.156;-4.657.284;FE;;1º Ano,2º Ano,3º Ano,4º Ano,5º Ano;;
345;Lapidar, Associacao;Lapidar CC;organizacaolapidar@gmail.com;;;4396-5656;;7890;ASSOCIACAO LAPIDAR;1;Creche Parceira LAPIDAR;668;G2;Estrada Galvao Bueno;4643;;Batistini;09842-080;Batistini;-23.75363 -46.57416;;-2.375.363;-4.657.416;CC;Berçário Final,Infantil I,Infantil II;;;
96;Lauro Gomes, EMEB;Lauro Gomes;lauro.gomes@saobernardo.sp.gov.br;;;4368-1865;;51073;LAURO GOMES EMEB;0;Lauro Gomes - EMEB;79;G3;Rua Piagentini;70;;Rudge Ramos;09626-130;Rudge Ramos;-23.65598 -46.57048;;-2.365.598;-4.657.048;I;Infantil III,Infantil IV,Infantil V;;;
97;Leo Comissari, EMEB Padre;Leo Comissari;leo.commissari@saobernardo.sp.gov.br;;;4127-4208;;242068;LEO COMMISSARI PADRE EMEB;0;Leo Commissari, Padre - EMEB;80;G5;Rua Neusa Coelho;80;;Vl. Sao Jose - Ferrazopolis;09790-460;Jd. Silvina;-23.73454 -46.53798;;-2.373.454;-4.653.798;F;1º Ano,2º Ano,3º Ano,4º Ano,5º Ano;;EJA;
98;Leonardo Nunes, EMEB Padre;Leonardo Nunes;leonardo.nunes@saobernardo.sp.gov.br;;;4125-4747;;51007;LEONARDO NUNES PADRE EMEB;0;Leonardo Nunes, Padre - EMEB;81;G3;Av. Senador Flaquer;232;;Vila Euclides;09725-440; Vila Euclides e Vila Marlene;-23.69471 -46.55895;;-2.369.471;-4.655.895;I;;Infantil III,Infantil IV,Infantil V;;
100;Lopes Trovao, EMEB;Lopes Trovao;lopes.trovao@saobernardo.sp.gov.br;;;4343-8080;;278531;LOPES TROVAO EMEB;0;Lopes Trovão - EMEB;83;G3;Rua Australia;120;;Jd.Santo Inacio;09861-390;Jd. Santo Ignácio;-23.70625 -46.58586;;-2.370.625;-4.658.586;FE;;1º Ano,2º Ano,3º Ano,4º Ano,5º Ano;;15 OR 100 OR 158
101;Lorenzo Enrico Felice Lorenzetti, EMEB;Lorenzo Lorenzetti;lorenzo.lorenzetti@saobernardo.sp.gov.br;;;4354-9007;;99348;LORENZO ENRICO FELICE LORENZETTI EMEB;0;Lorenzo Enrico Felice Lorenzetti - EMEB;84;G4;Estrada do Vergueiro;201;;Vila Balnearia;09822-030;Areião;-23.76016 -46.53618;;-2.376.016;-4.653.618;IF;Infantil III,Infantil IV ,Infantil V;1º Ano,2º Ano,3º Ano,4º Ano,5º Ano;;
224;Los Angeles, Associacao Cultural Dom Decio Pereira 2 - Creche Parque;L Angeles CC;crechelosangeles@institutodomdecio.org.br;domdeciosbc2@gmail.com;;4342-1770;;6538;INSTITUTO DOM DÉCIO PEREIRA – CRECHE PARQUE LOS ANGELES;1;Creche Parceira LOS ANGELES;569;G2;Rua Joao Saldanha;662;;Pq Los Angeles;09842-200;Jd. Represa, Parque Los Angeles e Parque Imigrantes;-23.76879 -46.6104;;-2.376.879;-466.104;CC;Infantil I,Infantil II;;;
102;Lourenco Filho, EMEB;Lourenco Filho;lourenco.filho@saobernardo.sp.gov.br;;;4341-6722;;50787;LOURENCO FILHO EMEB;0;Lourenço Filho - EMEB;85;G3;Rua Eunice Weaver;70;;Jd. Gagliardi - Planalto;09890-080;Planalto;-23.69259 -46.56963;;-2.369.259;-4.656.963;I;;Infantil III,Infantil IV,Infantil V;;
103;Luana Lino de Souza, EMEB;Luana Lino;luana.lino@saobernardo.sp.gov.br;;;4358-5985;;230066;LUANA LINO DE SOUZA EMEB;0;Luana Lino de Souza - EMEB;86;G6;Rua Carlos Cesar de Carvalho;230;;Dos Casa;09840-845;Ipê, Jd. Detroit e Divinéia;-23.73838 -46.57966;;-2.373.838;-4.657.966;C;Berçário Final,Infantil I,Infantil II;;;
212;Luis Gushiken, CEU;Luis Gushiken;ceu.luizgushiken@saobernardo.sp.gov.br;;;4122-1341;;565573;LUIZ GUSHIKEN EMEB;0;Luiz Gushiken - EMEB;571;G3;Rua Volta Redonda;207;;Alves Dias;09852-700;Jd. Thelma e Jd. Cláudia;-23.73350 -46.58319;;-2.373.350;-4.658.319;CI;Berçário Inicial,Berçário Final,Infantil I,Infantil II,Infantil III,Infantil IV,Infantil V;;;
211;Luiza Maria de Farias, CEU (CEU Silvina);Luiza M Farias;ceu.luizamaria@saobernardo.sp.gov.br;;;4332-6850;4177-2861;585580;LUIZA MARIA DE FARIAS EMEB;0;Luiza Maria de Farias - EMEB;573;G5;Rua Pedro Zolcsak;S/N;;Jd Silvina;;Jd. Silvina;-23.73639 -46.54162;;-2.373.639;-4.654.162;CIF;Berçário Final,Infantil I,Infantil II,Infantil III,Infantil IV,Infantil V,1º Ano,2º Ano,3º Ano,4º Ano,5º Ano;;;
221;Manoel de Barros (Creche Represa);Manoel Barros;manoel.barros@saobernardo.sp.gov.br;;;4347-7809;;4321;MANOEL DE BARROS EMEB;0;Manoel de Barros - EMEB;586;G2;Rua Canada;53;;Jd da Represa;09847-041;Jd. Represa, Parque Los Angeles e Parque Imigrantes;-23.77653 -46.59699;;-2.377.653;-4.659.699;C;Infantil I,Infantil II;;;
104;Manoel Torres de Oliveira, EMEB;Manoel Torres;manoel.torres@saobernardo.sp.gov.br;;;4127-0485;;230078;MANOEL TORRES DE OLIVEIRA EMEB;0;Manoel Torres de Oliveira - EMEB;87;G2;Rua Paulista;25;;Jardim Limpão;09781-610;Ferrazópolis;-23.72723 -46.53715;;-2.372.723;-4.653.715;C;Infantil I,Infantil II;;;
105;Manuel da Nobrega, EMEB Padre;Manuel da Nobrega;manuel.nobrega@saobernardo.sp.gov.br;;;4178-0985;;50829;MANUEL DA NOBREGA PADRE EMEB;0;Manuel da Nóbrega, Padre - EMEB;88;G3;Av Padre Anchieta,;834;;Jordanopolis;09891-420;Jordanópolis;-23.68377 -46.57479;;-2.368.377;-4.657.479;I;;Infantil II,Infantil III,Infantil IV,Infantil V;;
54;Marcelo Peres Ribeiro, EMEB;Marcelo Peres;vila.ferreira@saobernardo.sp.gov.br;;;4352-1367;;430134;MARCELO PERES RIBEIRO EMEB;0;Marcelo Peres Ribeiro - EMEB;396;G3;Rua Caminho da Educacao;300;;Alves Dias;09851-135;Cooperativa;-23.71640 -46.5880;;-2.371.640;-465.880;C;Berçário Inicial,Berçário Final,Infantil I,Infantil II;;;
106;Marcelo Roberto Dias, EMEB;Marcelo Roberto Dias;marcelo.roberto@saobernardo.sp.gov.br;;;4357-2741;;77513;MARCELO ROBERTO DIAS EMEB;0;Marcelo Roberto Dias - EMEB;89;G2;Rua Augusto Venturini;206;;Battistini;09842-040;Batistini;-23.75702 -46.57693;4;-2.375.702;-4.657.693;CI;Berçário Final,Infantil I,Infantil II,Infantil III,Infantil IV,Infantil V;;;72 OR 106
218;Marcos Jose Ribeiro, Creche (Ferrazopolis I);Marcos J Ribeiro;marcos.ribeiro@saobernardo.sp.gov.br;;;2630-5212;2630-5216;4062;MARCOS JOSE RIBEIRO EMEB;0;Marcos José Ribeiro - EMEB;583;G2;Rua Francisco Tosi;225;;Ferrazopolis;09790-320;Ferrazópolis;-23.72469 -46.54336;;-2.372.469;-4.654.336;I;Infantil III,Infantil IV,Infantil V;;;
107;Marcos Rogerio da Rosa, EMEB;Marcos Rogerio;marcos.rogerio@saobernardo.sp.gov.br;;;4352-4993;;227924;MARCOS ROGERIO DA ROSA EMEB;0;Marcos Rogério da Rosa - EMEB;90;G6;Estrada dos Casas;2631;;Jd.Ipe (Bairro dos Casas);09840-000;Ipê, Jd. Detroit e Divinéia;-23.74154 -46.57609;19;-2.374.154;-4.657.609;FE;;1º Ano,2º Ano,3º Ano,4º Ano,5º Ano;EJA;35 OR 107
189;Margarida Creche, Ass. de Promocao Humana e Resgate da Cidadania;Margarida CC;crechemargarida@padreleo.org.br;;;43354853;;385839;MARGARIDA CRECHE;1;Creche Parceira MARGARIDA;387;G5;Rua Flora Bulcao;120;;Jardim Silvina;09791-180;Jd. Silvina;-23.73745 -46.53833;;-2.373.745;-4.653.833;CC;Infantil I,Infantil II;;;
226;Maria Adelaide Rossi, EMEP;Maria Ad. Rossi;adelaide.rossi@saobernardo.sp.gov.br;;;4330-3988;;452427;MARIA ADELAIDE ROSSI EMEB;0;Maria Adelaide Rossi - EMEB;459;G3;Av. Senador Flaquer;385;;Vila Euclides;09725-440; Vila Euclides e Vila Marlene;-23.69588 -46.55915;;-2.369.588;-4.655.915;P;;EJA;EJA;
108;Maria Adelaide, EMEB;Maria Adelaide;maria.adelaide@saobernardo.sp.gov.br;;;4330-5014;;217700;MARIA ADELAIDE EMEB;0;Maria Adelaide - EMEB;91;G3;Av. Senador Flaquer;979;;Vila Euclides;09725-443; Vila Euclides e Vila Marlene;-23.70091 -46.56039;;-2.370.091;-4.656.039;FE;1º Ano,2º Ano,3º Ano,4º Ano,5º Ano;;;
203;Maria Amelia, Lar;Maria Amelia CC;crechelarmariaamelia@gmail.com;lar.maria@emeb.saobernardo.sp.gov.br;;4343-4848;;291985;LAR MARIA AMELIA ASSOCIACAO ASSISTENCIAL;1;Creche Parceira LAR MARIA AMÉLIA;283;G3;Av. Humberto de Alencar Castelo Branco;2295;;Jardim Belita;09850-300;Alves Dias;-23.71052 -46.5881;;-2.371.052;-465.881;CC;Berçário Inicial,Berçário Final,Infantil I,Infantil II;;;
109;Maria Anselma Vieira, EMEB Irma;Maria Anselma;maria.anselma@saobernardo.sp.gov.br;;;4341-5733;;229957;MARIA ANSELMA VIEIRA IRMA EMEB;0;Maria Anselma Vieira, Irmã - EMEB;92;G3;Rua Araldo Armani;461;;Vila Sao Silverio;09895-740;Planalto;-23.70250 -46.56696;9;-2.370.250;-4.656.696;C;Berçário Final,Infantil I,Infantil II;;;86 OR 109
111;Maria Jose Mattar Jorge, EMEB Profa.;Maria J Mattar;mattar.jorge@saobernardo.sp.gov.br;;;4122-3063 / 43306910;;217712;MARIA JOSE MATTAR JORGE PROFA EMEB;0;Maria José Mattar Jorge, Professora - EMEB;94;G3;Rua Tres de Maio;203;;Jd. Olavo Bilac - Centro;09725-810; Vila Euclides e Vila Marlene;-23.70262 -46.55684;;-2.370.262;-4.655.684;C;Berçário Final,Infantil I,Infantil II;;;
113;Maria Justina de Camargo, EMEB Profa.;Maria Justina;maria.justina@saobernardo.sp.gov.br;;;4343-8933;;217578;MARIA JUSTINA DE CAMARGO PROFA EMEB;0;Maria Justina de Camargo, Professora - EMEB;95;G3;Rua Antonio Pereira Mattos;100;;Jd. Vera Cruz - Independencia;09860-040;Jd. Santo Ignácio;-23.69863 -46.5802;;-2.369.863;-465.802;F;;1º Ano,2º Ano,3º Ano,4º Ano,5º Ano;EJA;
114;Maria Rosa Barbosa, EMEB;Maria Rosa Barbosa;maria.rosa.barbosa@saobernardo.sp.gov.br;;;4358-2930;;278543;MARIA ROSA BARBOSA EMEB;0;Maria Rosa Barbosa - EMEB;96;G3;Rua Leonardo Martins Neto;1080-108;;Dos Casa;09850-020;Jd. Thelma e Jd. Cláudia;-23.73380 -46.57924;;-2.373.380;-4.657.924;F;;1º Ano,2º Ano,3º Ano,4º Ano,5º Ano;EJA;
115;Maria Therezinha Besana, EMEB Profa.;Maria T Besana;maria.therezinha.besana@saobernardo.sp.gov.br;;;4123-3357;;278488;MARIA THEREZINHA BESANA PROFA EMEB;0;Maria Therezinha Besana, Professora - EMEB;97;G1;Rua dos Vianas;2897;;Jd. Petroni - Baeta Neves;09761-000;Jardim Farina, Parque São Bernardo e Alto Industrial;-23.70761 -46.52696;;-2.370.761;-4.652.696;F;;1º Ano,2º Ano,3º Ano,4º Ano,5º Ano;;
116;Mariana Benvinda da Costa, EMEB;Mariana Benvinda;mariana.benvinda@saobernardo.sp.gov.br;;;4127-3997;;77525;MARIANA BENVINDA DA COSTA EMEB;0;Mariana Benvinda da Costa - EMEB;98;G2;Rua Aureliano de Souza;1;;Ferrazopolis;09781-120;Ferrazópolis;-23.73056 -46.54125;;-2.373.056;-4.654.125;I;Infantil III,Infantil IV,Infantil V;;;
117;Mariana Neves Interliche, EMEB;Mariana N Interliche;mariana.neves@saobernardo.sp.gov.br;;;4109-5619;;95333;MARIANA NEVES INTERLICHE EMEB;0;Mariana Neves Interliche - EMEB;99;G6;Rua Angelo Pessoti;442;;Jd. Lavinia - Assuncao;09811-060;Assunção (Jd. Lavínia e Vila Euro);-23.72429 -46.56537;;-2.372.429;-4.656.537;I;;Infantil II,Infantil III,Infantil IV,Infantil V;;
118;Marineida Meneghelli de Lucca, EMEB;Marineida Meneghelli;marineida@saobernardo.sp.gov.br;;;4127-6410;;282923;MARINEIDA MENEGHELLI DE LUCCA PROFA EMEB;0;Marineida Meneghelli de Lucca, Professora - EMEB;100;G1;Rua Dom Pedro de Alcantara;235;;Vila Sao Pedro;09784-000;Vila São Pedro, Vila Esperança e Jardim Irajá;-23.71824 -46.52746;;-2.371.824;-4.652.746;FE;1º Ano,2º Ano,3º Ano,4º Ano,5º Ano;;EJA;
119;Mario de Andrade, EMEB;Mario de Andrade;mario.andrade@saobernardo.sp.gov.br;;;4177-1824;;50945;MARIO DE ANDRADE EMEB;0;Mário de Andrade - EMEB;101;G3;Rua Tijuca;263;;Jd. Copacabana - Anchieta;09607-155; Vila Euclides e Vila Marlene;-23.67332 -46.56029;;-2.367.332;-4.656.029;IF;;Infantil III,Infantil IV,Infantil V,1º Ano,2º Ano,3º Ano,4º Ano,5º Ano;;
120;Mario Martins de Almeida, EMEB;Mario Martins;mario.martins@saobernardo.sp.gov.br;;;4127-9001 4127-0798;;217724;MARIO MARTINS DE ALMEIDA EMEB;0;Mário Martins de Almeida - EMEB;102;G5;Rua Sao Joao;33;;Jd. Sao Paulo - Centro;09715-240;Centro;-23.71854 -46.54255;;-2.371.854;-4.654.255;F;;1º Ano,2º Ano,3º Ano,4º Ano,5º Ano;;
168;Marly Buissa Chiedde, EMEBE Profa.;Marly Buissa;marly.buissa@saobernardo.sp.gov.br;;;4396-5566;;79085;MARLY BUISSA CHIEDDE EMEB;0;Marly Buissa Chiedde - EMEB;103;G2;Rua Valdomiro Luiz;181;;Jd. Nossa Senha de Fatima;09820-340;Terra Nova e Jd. Nossa Senhora de Fátima;-23.74429 -46.56528;3;-2.374.429;-4.656.528;E;1º Ano,2º Ano,3º Ano,4º Ano,5º Ano;;;3 OR 149 OR 168
121;Mauricio Caetano de Castro I, EMEB;Mauricio Caetano 1;mauricio.ccastro@saobernardo.sp.gov.br;;;4127-5804;;95369;MAURICIO CAETANO DE CASTRO EMEB;0;Maurício Caetano de Castro I - EMEB;105;G1;Rua Fioravante Borin;66;;Jd. Iraja - Montanhao;09781-420;Vila São Pedro, Vila Esperança e Jardim Irajá;-23.72390 -46.53466;;-2.372.390;-4.653.466;I;;Infantil III,Infantil IV,Infantil V;;
122;Mauricio Caetano de Castro II, EMEB;Mauricio Caetano 2;mauricio.ccastro2@saobernardo.sp.gov.br;;;4351-5499;;278497;MAURICIO CAETANO DE CASTRO II EMEB;0;Maurício Caetano de Castro II - EMEB;104;G3;Rua Alexandre Bonicio;259;;Pq. Neide - Alves Dias;09850-450;Alves Dias;-23.72045 -46.58248;7;-2.372.045;-4.658.248;FE;;1º Ano,2º Ano,3º Ano,4º Ano,5º Ano;;
123;Monteiro Lobato, EMEB;Monteiro Lobato;monteiro.lobato@saobernardo.sp.gov.br;;;4125-5959;;51081;MONTEIRO LOBATO EMEB;0;Monteiro Lobato - EMEB;107;G5;Av. Francisco Prestes Maia;350;;Centro;09770-000;Centro;-23.70734 -46.54758;;-2.370.734;-4.654.758;I;;Infantil II,Infantil III,Infantil IV,Infantil V;;
124;Moyses Cheid, EMEB;Moyses Cheid;moyses.cheid@saobernardo.sp.gov.br;;;4392-2389;;99338;MOYSES CHEID EMEB;0;Moysés Cheid - EMEB;108;G3;Rua Joao XXIII;660;;Jd. Nazareth - Cooperativa;09851-707;Cooperativa;-23.71825 -46.59465;;-2.371.825;-4.659.465;I;Infantil III,Infantil IV,Infantil V;;;
125;Nadia Aparecida Issa Pina, EMEB;Nadia Issa Pina;nadia.pina@saobernardo.sp.gov.br;;;4122-4672;;281979;NADIA APARECIDA ISSA PINA PROFA EMEB;0;Nádia Aparecida Issa Pina, Professora - EMEB;109;G5;Av. Imperatriz Leopoldina;1080;;Nova Petropolis;09770-272;Centro;-23.70748 -46.54162;;-2.370.748;-4.654.162;F;;1º Ano,2º Ano,3º Ano,4º Ano,5º Ano;;
126;Natalina Cuzziol Ferro, EMEB;Natalina Cuzziol;natalina.cuzziol@saobernardo.sp.gov.br;;;4396-6339;;282029;NATALINA CUZZIOL FERRO EMEB;0;Natalina Cuzziol Ferro - EMEB;142;G2;Av. Salim Mafhoud;965;;Terra Nova II;09820-780;Terra Nova e Jd. Nossa Senhora de Fátima;-23.74891 -46.54897;;-2.374.891;-4.654.897;F;;1º Ano,2º Ano,3º Ano,4º Ano,5º Ano;;
220;Nazareth, EMEB Jd;Jd Nazareth;jardim.nazareth@saobernardo.sp.gov.br;;;4332-3632;;5379;NAZARETH, JARDIM EMEB;0;Nazareth, Jardim - EMEB;585;G3;Rua Joao XXIII;660;;Jd. Nazareth;;Cooperativa;-23.71598 -46.59437;;-2.371.598;-4.659.437;CI;Berçário Inicial,Berçário Final,Infantil I,Infantil II,Infantil III,Infantil IV,Infantil V;;;
169;Neusa Basseto, EMEBE;Neusa Basseto;neusa.bassetto@saobernardo.sp.gov.br;;;4362-2035;;79091;NEUSA BASSETTO EMEBB;0;Neusa Bassetto - EMEBB;110;G3;Rua Engenheiro Isaac Garcez;70;;Vl. Mussolini;09619-110;Rudge Ramos;-23.66635 -46.56789;;-2.366.635;-4.656.789;E;Especial;;EJA;
127;Neusa Macellaro Callado Moraes, EMEB Profa.;Neusa Macellaro;neusa.macellaro@saobernardo.sp.gov.br;;;4352-5753;;227936;NEUSA MACELLARO CALLADO MORAES PROFA EMEB;0;Neusa Macellaro Callado Moraes, Professora - EMEB;427;G6;Rua Padre Igino Francisco Teixeira;180;;Vl. Euro - Assuncao;09810-170;Assunção (Jd. Lavínia e Vila Euro);-23.71735 -46.56711;;-2.371.735;-4.656.711;FE;;1º Ano,2º Ano,3º Ano,4º Ano,5º Ano;;
128;Nilo Campos Gomes, EMEB Prof.;Nilo Campos;nilo.campos@saobernardo.sp.gov.br;;;4127-5428;;282911;NILO CAMPOS GOMES PROF EMEB;0;Nilo Campos Gomes, Professor - EMEB;113;G5;Rua Part. Flora Bulcao L. Vertemate;160;;Ferrazopolis;09791-180;Jd. Silvina;-23.73715 -46.53821;2;-2.373.715;-4.653.821;F;1º Ano,2º Ano,3º Ano,4º Ano,5º Ano;;;29 OR 128
207;Obras Sociais Sao Pedro Apostolo I - Creche Sao Jose;Sao Jose CC;osspasaojose@hotmail.com;osspasaojose@gmail.com;;4178-3736;;291882;SAO PEDRO APOSTOLO OBRAS SOCIAIS;1;Creche Parceira SÃO PEDRO APÓSTOLO I;271;G3;Rua Ana Maria;123;;Vila Santa Luzia;;Taboão;-23.66564 -46.61282;;-2.366.564;-4.661.282;CC;Berçário Final,Infantil I,Infantil II;;;
343;Obras Sociais Sao Pedro Apostolo II - Creche Maria Imaculada;Maria Imaculada CC;osspamariaimaculada@gmail.com;;;4358-3311;98380-3377;7496;OBRAS SOCIAIS SÃO PEDRO APOSTOLO II;1;Creche Parceira SÃO PEDRO II - MARIA IMACULADA;666;G3;Rua Leonardo Martins Neto;246;09850-020;Vila Vitoria;;Jd. Thelma e Jd. Cláudia;-23.73442 -46.57845;;-2.373.442;-4.657.845;CC;Berçário Inicial,Berçário Final,Infantil I,Infantil II;;;
129;Octavio Edgard de Oliveira, EMEB;Octavio Edgard;octavio.edgard@saobernardo.sp.gov.br;;;4357-5549;;217591;OCTAVIO EDGARD DE OLIVEIRA EMEB;0;Octávio Edgard de Oliveira - EMEB;114;G2;Rua Joao Saldanha;238;;Pq. Los Angeles - Battistini;09842-200;Jd. Represa, Parque Los Angeles e Parque Imigrantes;-23.77100 -46.61097;;-2.377.100;-4.661.097;IFE;;Infantil III,Infantil IV,Infantil V,1º Ano,2º Ano,3º Ano,4º Ano,5º Ano;;
130;Odemir Furlan, EMEB Deputado;Odemir Furlan;odemir.furlan@saobernardo.sp.gov.br;;;4347-0888;;217585;ODEMIR FURLAN DEPUTADO EMEB;0;Odemir Furlan, Deputado - EMEB;115;G2;Rua Jandir Carvalho Lanes;263;;Royal Park - Battistini;09844-220;Batistini;-23.77115 -46.57776;;-2.377.115;-4.657.776;IFE;1º Ano,2º Ano,3º Ano,4º Ano,5º Ano;;;
131;Odete Maria Ramos Pinto, EMEB Irma;Odete M Ramos;irma.odete@saobernardo.sp.gov.br;;;4338-6289;;385273;ODETE MARIA RAMOS PINTO IRMA EMEB;0;Odete - Maria Ramos Pinto, Irmã - EMEB;399;G1;Rua da Comunidade;160;;Vila Sao Pedro;09784-145;Vila São Pedro, Vila Esperança e Jardim Irajá;-23.71685 -46.52666;;-2.371.685;-4.652.666;CIF;;Berçário Final,Infantil I,Infantil II,Infantil III,Infantil IV,Infantil V;;
132;Odette Edith Perigo de Lima, EMEB;Odette Edith Perigo;odette.lima@saobernardo.sp.gov.br;;;4121-6870;;95370;ODETTE EDITH PERIGO DE LIMA EMEB;0;Odette Edith Périgo de Lima - EMEB;116;G1;Rua Giacinto Tognato;2400;;Vl. Sto. Agostinho - Baeta Neves;09760-372;Baeta Neves;-23.70243 -46.53051;;-2.370.243;-4.653.051;I;Infantil III,Infantil IV,Infantil V;;;
133;Olavo Bilac, EMEB;Olavo Bilac;olavo.bilac@saobernardo.sp.gov.br;;;4362-3576;;50969;OLAVO BILAC EMEB;0;Olavo Bilac - EMEB;117;G3;Rua Carlos de Campos;5;;V. Mussolini - Rudge Ramos;09619-000;Rudge Ramos;-23.66733 -46.56701;;-2.366.733;-4.656.701;I;;Infantil II,Infantil III,Infantil IV,Infantil V;;
14;Olegario Jose Godoy, EMEB;Olegario Jose;olegario.godoy@saobernardo.sp.gov.br;;;4335-2141;;448072;OLEGÁRIO JOSÉ GODOY SOROCABINHA EMEB;0;Olegário José Godoy - Sorocabinha - EMEB;542;G1;Rua Tiradentes;1893;;Iraja, Jardim;09781-220;Vila São Pedro, Vila Esperança e Jardim Irajá;-23.72785 -46.53078;;-2.372.785;-4.653.078;F;1º Ano,2º Ano,3º Ano,4º Ano,5º Ano;;EJA;
134;Ondina Ignez de Oliveira, EMEB;Ondina Ignez;ondina.ignez@saobernardo.sp.gov.br;;;4109-2977;;91674;ONDINA IGNEZ DE OLIVEIRA EMEB;0;Ondina Ignêz de Oliveira - EMEB;118;G3;Rua Candido Jose Casa;177;;Jd. Claudia - Assuncao;09850-590;Jd. Thelma e Jd. Cláudia;-23.73045 -46.57665;;-2.373.045;-4.657.665;I;;Infantil III,Infantil IV,Infantil V;;
135;Otilio de Oliveira, EMEB Prof.;Otilio de Oliveira;otilio.oliveira@saobernardo.sp.gov.br;;;4362-4544;;217736;OTILIO DE OLIVEIRA PROF EMEB;0;Otílio de Oliveira, Professor - EMEB;119;G3;Rua Londrina;350;;Vl. Helena - Rudge Ramos;09635-100;Rudge Ramos;-23.65301 -46.57123;;-2.365.301;-4.657.123;FE;;1º Ano,2º Ano,3º Ano,4º Ano,5º Ano;;
136;Paschoal Carlos Magno, EMEB;Paschoal C Magno;paschoal.cmagno@saobernardo.sp.gov.br;;;4178-2502;;50885;PASCHOAL CARLOS MAGNO EMEB;0;Paschoal Carlos Magno - EMEB;121;G3;Rua Nigeria;50;;Vl. Santa Luzia - Taboao;09671-040;Taboão;-23.66613 -46.60835;12;-2.366.613;-4.660.835;I;;Infantil III,Infantil IV,Infantil V;;136 OR 143
159;Paulo Freire, EMEB;Paulo Freire;paulo.freire@saobernardo.sp.gov.br;;;4354-0773;;246451;PAULO FREIRE PROFESSOR EMEB;0;Paulo Freire, Professor - EMEB;145;G4;Estrada Henrique Rosa;411;;Vl. Tupa - Riacho Grande;09831-505;Parque Estoril, Riacho Grande e Finco;-23.79589 -46.54734;;-2.379.589;-4.654.734;IF;;Infantil IV,Infantil V,1º Ano,2º Ano,3º Ano,4º Ano,5º Ano;;
137;Paulo Morando, EMEB;Paulo Morando;paulo.morando@saobernardo.sp.gov.br;;;4357-4994;;212097;PAULO MORANDO EMEB;0;Paulo Morando - EMEB;122;G2;Rua Jose Martins Fernandes;333;;Pq. Imigrantes - Battistini;09843-400;Jd. Represa, Parque Los Angeles e Parque Imigrantes;-23.77179 -46.59015;;-2.377.179;-4.659.015;I;;Infantil III,Infantil IV,Infantil V;;
138;Paulo Teixeira de Camargo, EMEB Prof.;Paulo Teixeira;paulo.teixeira@saobernardo.sp.gov.br;;;4178-4944;;217608;PAULO TEIXEIRA DE CAMARGO PROF EMEB;0;Paulo Teixeira de Camargo, Professor - EMEB;123;G3;Rua Luzern;271;;Bairro Suisso - Taboao;09663-060;Taboão;-23.65669 -46.59834;13;-2.365.669;-4.659.834;FE;;1º Ano,2º Ano,3º Ano,4º Ano,5º Ano;;63 OR 138
441;Pedra de Carvalho, EMEB;Pedra de Carvalho;pedra.carvalho@emeb.saobernardo.sp.gov.br;;;4390-0308;;8906;PROFESSORA PEDRA DE CARVALHO EMEB;0;Pedra de Carvalho, Professora - EMEB;670;G3;Rua Carlos Ayres;400;;Jd. Vera Cruz;09860-065;Planalto;-23.70264 -46.57810;;-2.370.264;-4.657.810;F;1º Ano,2º Ano,3º Ano,4º Ano,5º Ano;;;
139;Pedro Augusto Gomes Cardim, EMEB Prof.;Gomes Cardim;gomes.cardim@saobernardo.sp.gov.br;;;4109-8700;;217612;PEDRO AUGUSTO GOMES CARDIM PROF EMEB;0;Pedro Augusto Gomes Cardim, Professor - EMEB;124;G3;Rua Terezinha Capitaneo Fantinatti;200;;Assuncao;09861-600;Alves Dias;-23.71965 -46.57614;;-2.371.965;-4.657.614;F;;1º Ano,2º Ano,3º Ano,4º Ano,5º Ano;;
140;Pedro Morassi, EMEB;Pedro Morassi;pedro.morassi@saobernardo.sp.gov.br;;;4347-7222;;50854;PEDRO MORASSI EMEB;0;Pedro Morassi - EMEB;125;G2;Rua Andrea Demarchi;145;;Bairro Demarchi;09820-420;Demarchi;-23.73899 -46.55154;;-2.373.899;-4.655.154;I;;Infantil II,Infantil III,Infantil IV,Infantil V;;
209;Pelicano, Sociedade Fraternitas de SBC - Creche;Pelicano CC;fraternitas@terra.com.br;;;4337-5995;;292461;SOCIEDADE FRATERNITAS DE SAO BERNARDO DO CAMPO;1;Creche Parceira SOCIEDADE FRATERNITAS PELICANO;287;G1;Rua Giacinto Tognato;293;;Baeta Neves;09760-370;Baeta Neves;-23.69046 -46.54218;;-2.369.046;-4.654.218;CC;Infantil II;;;
520;Projeto Crianca 1, Associacao;Proj Crianca 1;adm.graoesperanca1@gmail.com;;;6021-5853;;10321;Associacao Projeto Crianca;0;Creche Parceira PROJETO CRIANÇA I;682;G3;Rua Genival Francisco da Silva;21;;Montanhão;09790-705;;-23.7355 -46.53295;;-237.355;-4.653.295;CC;Berçário Inicial,Berçário Final,Infantil I;;;
143;Ramiro Goncalez Fernandes, EMEB Prof.;Ramiro Goncalez;ramiro.goncalez@saobernardo.sp.gov.br;;;4178-3235;;278506;RAMIRO GONCALEZ FERNANDES EMEB;0;Ramiro Gonçalez Fernandes, Professor - EMEB;126;G3;Rua Nigeria;80;;Taboao;09671-040;Taboão;-23.66630 -46.60807;12;-2.366.630;-4.660.807;F;;1º Ano,2º Ano,3º Ano,4º Ano,5º Ano;EJA;136 OR 143
524;Regina Dulce Donadelli Pinto,EMEB;Regina Dulce;dulce.donadelli@saobernardo.sp.gov.br;;;;;10917;REGINA DULCE DONADELLI PINTO EMEB;0;Regina Dulce Donadelli Pinto - EMEB;588;;Rua Tiradentes;1845;;Santa Terezinha;09780-265;;-23.72604 -46.53239;1;-2.372.604;-4.653.239;<>;Infantil IV,Infantil V;;;213 OR 214 OR 524 OR 525
213;Regina Rocco Casa I, EMEB;Regina Rocco 1;ceu.reginarocco1@saobernardo.sp.gov.br;;;2630-9500;41257041 - 43305594;469750;REGINA ROCCO BLOCO I EMEB;0;Regina Rocco Casa I - EMEB;574;G1;Rua Tiradentes;1853;Acesso pela Via Interna;Santa Terezinha;09780-265;Vila São Pedro, Vila Esperança e Jardim Irajá;-23.72484 -46.52999;1;-2.372.484;-4.652.999;CI;Berçário Inicial,Berçário Final,Infantil I,Infantil II,Infantil III,Infantil IV,Infantil V;;;213 OR 214 OR 524 OR 525
214;Regina Rocco Casa II, EMEB;Regina Rocco 2;ceu.reginarocco2@saobernardo.sp.gov.br;;;4330-4691;;469762;REGINA ROCCO BLOCO II EMEB;0;Regina Rocco Casa II - EMEB;572;G1;Rua Tiradentes;1853;Acesso pela Via Interna;Santa Terezinha;09780-265;Vila São Pedro, Vila Esperança e Jardim Irajá;-23.72486 -46.52760;1;-2.372.486;-4.652.760;CIF;;1º Ano,2º Ano,3º Ano,4º Ano,5º Ano;;213 OR 214 OR 524 OR 525
144;Roberto Montanheiro, EMEB Pastor;Roberto Montanheiro;roberto.montanheiro@saobernardo.sp.gov.br;;;4367-4716;;230029;ROBERTO MONTANHEIRO PASTOR EMEB;0;Roberto Montanheiro, Pastor - EMEB;127;G3;Rua Ida Leoni Cleto;10;;Jd Orlandina;09632-000;Rudge Ramos;-23.65780 -46.56504;;-2.365.780;-4.656.504;C;Berçário Inicial,Berçário Final,Infantil I,Infantil II;;;
2;Rolando Ramaccioti, EMEBE;Rolando Ramaccioti;rolando.ramacciotti@saobernardo.sp.gov.br;;;4123-4108;;79078;ROLANDO RAMACCIOTTI EMEBE;0;Rolando Ramacciotti - EMEBE;128;G3;Rua Warner;300;;Copacabana, Jardim;09608-040; Vila Euclides e Vila Marlene;-23.67277 -46.56574;;-2.367.277;-4.656.574;E;;Especial;;
145;Rosa de Pacce dos Santos, EMEB Profa.;Rosa de Pacce;rosa.pacce@saobernardo.sp.gov.br;;;4351-4629;;229891;ROSA DE PACCE DOS SANTOS PROFA EMEB;0;Rosa de Pacce dos Santos, Professora - EMEB;129;G6;Rua dos Pinheiros;84;;Jardim Ipe (Bairros dos Casa);09840-170;Ipê, Jd. Detroit e Divinéia;-23.73908 -46.57008;;-2.373.908;-4.657.008;C;Infantil I,Infantil II;;;
146;Rui Barbosa, EMEB;Rui Barbosa;rui.barbosa@saobernardo.sp.gov.br;;;4125-5222;;50994;RUI BARBOSA EMEB;0;Rui Barbosa - EMEB;130;G5;Rua Braga;20;;Centro;09725-160;Centro;-23.70823 -46.55692;;-2.370.823;-4.655.692;I;;Infantil II,Infantil III,Infantil IV,Infantil V;;
147;Sadao Higuchi ,EMEB;Sadao Higuchi;sadao.higuchi@saobernardo.sp.gov.br;;;4341-7841;;430092;SADAO HIGUCHI EMEB;0;Sadao Higuchi - EMEB;390;G3;Rua Cabral da Camara;300;;Planalto;09895-280;Planalto;-23.70519 -46.57196;;-2.370.519;-4.657.196;C;Berçário Inicial,Berçário Final,Infantil I,Infantil II;;;
148;Salvador Gori, EMEB Prof.;Salvador Gori;salvador.gori@saobernardo.sp.gov.br;;;4392-3974;;217621;SALVADOR GORI PROF EMEB;0;Salvador Gori, Professor - EMEB;131;G3;Estrada Particular Fukutaro Yida;700;;Jd. Uenoyama - Cooperativa;09852-060;Cooperativa;-23.71962 -46.59521;;-2.371.962;-4.659.521;F;1º Ano,2º Ano,3º Ano,4º Ano,5º Ano;;;
149;Sandra Cruz Martins Freitas, EMEB Profa.;Sandra Cruz;sandra.mfreitas@saobernardo.sp.gov.br;;;4347-6963;;229921;SANDRA CRUZ MARTINS FREITAS PROFA EMEB;0;Sandra Cruz Martins Freitas, Professora - EMEB;132;G2;Rua Valdomiro Luiz;181;;Jd. Nossa Senhora de Fatima;09820-340;Terra Nova e Jd. Nossa Senhora de Fátima;-23.74427 -46.56532;3;-2.374.427;-4.656.532;I;Infantil III,Infantil IV,Infantil V;;;3 OR 149 OR 168
330;Santa Clara, Creche - Inst Dom Decio Pereira 3;Santa Clara CC;crechesantaclara@institutodomdecio.org.br;creche.domdecio3@emeb.saobernardo.sp.gov.br;;4330-5148;4338-3737;6465;CRECHE SANTA CLARA - INSTITUTO DOM DÉCIO PEREIRA;1;Creche Parceira SANTA CLARA;657;G1;Rua Setimo Guazzelli;113;;Jd Trieste;760-600;Jardim Farina, Parque São Bernardo e Alto Industrial;-23.70363 -46.53467;14;-2.370.363;-4.653.467;CC;Berçário Inicial,Berçário Final,Infantil I;;;
514;Santa Teresinha, Creche (Corintinha);Sta Terezinha;crechesantateresinha@institutodomdecio.org.br;;;41098967;987170569;9590;CRECHE SANTA TERESINHA - INSTITUTO DOM DECIO PEREIRA;0;Creche Parceira SANTA TERESINHA;673;G3;Rua Guilherme Lorenzoni;504;;Alves Dias;09851-020;Cooperativa;-23.72018 -46.58516;;-2.372.018;-4.658.516;CC;Berçário Final,Infantil I,Infantil II;;;
150;Santos Dumont, EMEB;Santos Dumont;santos.dumont@saobernardo.sp.gov.br;;;4122-4611;;51111;SANTOS DUMONT EMEB;0;Santos Dumont - EMEB;134;G1;Rua Dr.  Amancio de Carvalho;161;;Baeta neves;09751-470;Baeta Neves;-23.68645 -46.54318;;-2.368.645;-4.654.318;I;Infantil III,Infantil IV,Infantil V;;;
328;Shekinah I, Creche (Pequeninos do Futuro) (nova);Shekinah 1 - CC;monica@ab-shekinah.org.br;assistente@ab-shekinah.org.br;;2758-0779;;6255;CRECHE PEQUENINOS DO FUTURO I;1;Creche Parceira SHEKINAH I;654;G3;Avenida Taboao;3972;;Taboao;09657-000;Taboão;-23.66411 -46.60733;;-2.366.411;-4.660.733;CC;Infantil I,Infantil II;;;
188;Shekinah II, Creche (Pequeninos do Futuro);Shekinah 2 CC;direcao@ab-shekinah.org.br;coordenacao@ab-shekinah.org.br;;4361-1569;2758-0778;291869;CRECHE PEQUENINOS DO FUTURO - UNIDADE II;1;Creche Parceira SHEKINAH II;420;G3;Rua Fabio da Silva Prado,;115;;Vila Florida;;Taboão;-23.65887 -46.59697;;-2.365.887;-4.659.697;CC;Infantil I,Infantil II;;;
153;Sonia Regina Hernandez de Lima, EMEB Profa.;Sonia Regina;sonia.regina@saobernardo.sp.gov.br;;;4101-7011;;282030;SONIA REGINA HERNANDEZ DE LIMA PROFA EMEB;0;Sônia Regina Hernandez de Lima, Professora - EMEB;137;G4;Rua Antonio Demarchi-Gaia;4;;Bairro dos Fincos;09831-420;Parque Estoril, Riacho Grande e Finco;-23.79225 -46.53742;;-2.379.225;-4.653.742;C;Infantil I,Infantil II;;;
154;Suzete Aparecida de Campos, EMEB Profa.;Suzete Aparecida;suzete.aparecida@saobernardo.sp.gov.br;;;4397-5010;;242073;SUZETE APARECIDA DE CAMPOS PROFA EMEB;0;Suzete Aparecida de Campos, Professora - EMEB;138;G4;Rua Marcilio Conrado;350;;Riacho Grande;09830-291;Parque Estoril, Riacho Grande e Finco;-23.78314 -46.52867;;-2.378.314;-4.652.867;FE;;1º Ano,2º Ano,3º Ano,4º Ano,5º Ano;EJA;
155;Sylvia Marilena Fantacin Zanetti, EMEB Profa.;Sylvia Zanetti;sylvia.marilena@saobernardo.sp.gov.br;;;4361-8630;;81991;SYLVIA MARILENA FANTACINI ZANETTI PROFA EMEB;0;Sylvia Marilena Fantacini Zanetti, Professora - EMEB;139;G3;Rua Silas de Oliveira;92;;Chacara Sergipe;09894-050;Jordanópolis;-23.67846 -46.57756;10;-2.367.846;-4.657.756;FE;1º Ano,2º Ano,3º Ano,4º Ano,5º Ano;;;75 OR 155
9;Tarsila do Amaral, EMEB;Tarsila Amaral;tarsila.amaral@saobernardo.sp.gov.br;;;4104-4319;;430067;TARSILA DO AMARAL EMEB;0;Tarsila do Amaral - EMEB;395;G3;Rua Alexandre Bonicio;259-275;;Alves Dias;09850-450;Alves Dias;-23.72091 -46.58282;7;-2.372.091;-4.658.282;C;Berçário Inicial,Berçário Final,Infantil I,Infantil II;;;
156;Teotonio Vilela, EMEB Senador;Teotonio Vilela;teotonio.vilela@saobernardo.sp.gov.br;;;4109-2910;;282935;TEOTONIO VILELA SENADOR EMEB;0;Teotônio Vilela, Senador - EMEB;140;G6;Rua Mathilde Ferrai Marcon;30;;Dos Casa;09840-360;Ipê, Jd. Detroit e Divinéia;-23.74333 -46.56992;;-2.374.333;-4.656.992;FE;1º Ano,2º Ano,3º Ano,4º Ano,5º Ano;;;
157;Tereza Delta, EMEB Prefeita;Tereza Delta;tereza.delta@saobernardo.sp.gov.br;;;4347-6180;;90748;TEREZA DELTA EMEB;0;Tereza Delta - EMEB;141;G2;Rua Jose D'angelo;595;;Terra Nova II - Demarchi;09820-670;Terra Nova e Jd. Nossa Senhora de Fátima;-23.74700 -46.54966;;-2.374.700;-4.654.966;I;Infantil III,Infantil IV,Infantil V;;;
158;Thales de Andrade, EMEB;Thales de Andrade;thales.andrade@saobernardo.sp.gov.br;;;4343-6354;;50751;THALES DE ANDRADE EMEB;0;Thales de Andrade - EMEB;143;G3;Rua  Australia;80;;Jd. Santo Inacio - Independencia;09861-390;Jd. Santo Ignácio;-23.70705 -46.58706;;-2.370.705;-4.658.706;I;Infantil III,Infantil IV,Infantil V;;;15 OR 100 OR 158
160;Valderez Avelino de Souza, EMEB;Valderez Avelino;valderez.avelino@saobernardo.sp.gov.br;;;4351-4600;;229878;VALDEREZ AVELINO DE SOUZA EMEB;0;Valderez Avelino de Souza - EMEB;146;G3;Rua Lazaro Zamenhoff;110;;Jd. Brasilandia - Assuncao;09861-670;Alves Dias;-23.71618 -46.58227;8;-2.371.618;-4.658.227;C;Berçário Final,Infantil I,Infantil II;;;27 OR 160
219;Valter Carmona, Creche (Ferrazopolis II);Valter Carmona;valter.carmona@saobernardo.sp.gov.br;;;26305210;;4324;VALTER CARMONA EMEB;0;Valter Carmona - EMEB;584;G2;Avenida Jose Arthur da Frota Moreira;41;;Ferrazopolis;09790-190;Ferrazópolis;-23.72591 -46.54822;;-2.372.591;-4.654.822;C;Berçário Inicial,Berçário Final,Infantil I,Infantil II;;;
161;Vicente de Carvalho, EMEB;Vicente Carvalho;vicente.carvalho@saobernardo.sp.gov.br;;;4178-7433;;50878;VICENTE DE CARVALHO EMEB;0;Vicente de Carvalho - EMEB;148;G3;Rua Xavier de Toledo;481;;Vl. Leonina - Pauliceia;09692-030;Paulicéia;-23.67053 -46.58490;11;-2.367.053;-4.658.490;I;Infantil III,Infantil IV,Infantil V;;;24 OR 161
162;Vicente Zammite Mammana, EMEB Dr;Vicente Zammite;vicente.zammite@saobernardo.sp.gov.br;;;4341-8559;;217633;VICENTE ZAMMITE MAMMANA DR EMEB;0;Vicente Zammite Mammana, Doutor - EMEB;149;G3;Rua Oscarito;25;;Planalto;09890-040;Planalto;-23.69454 -46.57001;;-2.369.454;-4.657.001;FE;1º Ano,2º Ano,3º Ano,4º Ano,5º Ano;;;
202;Vincenza, Lar Madre;Madre Vicenza CC;vincenzamadre@gmail.com;;;4125-6381;;292138;ASSOCIAÇÃO EDUCATIVA MADRE VINCENZA;1;Creche Parceira LAR MADRE VINCENZA;413;G1;Rua Angatuba;87;;Baeta Neves;;Baeta Neves;-23.68734 -46.54428;;-2.368.734;-4.654.428;CC;Infantil I,Infantil II;;;
163;Vinicius de Moraes, EMEB;Vinicius Morais;vinicius.moraes@saobernardo.sp.gov.br;;;4127-5355;;50957;VINICIUS DE MORAES EMEB;0;Vinícius de Moraes - EMEB;150;G5;Rua Nuncio Interlich;30;;Jd. Portugal -Santa Terezinha;09770-250;Centro;-23.71536 -46.54232;;-2.371.536;-4.654.232;I;;Infantil III,Infantil IV,Infantil V;;
164;Viriato Correia, EMEB;Viriato Correia;viriato.correia@saobernardo.sp.gov.br;;;4368-2289;;217748;VIRIATO CORREIA EMEB;0;Viriato Correia - EMEB;151;G3;Rua Brasil;430;;Vl. Vivaldi - Rudge Ramos;09627-000;Rudge Ramos;-23.66068 -46.56442;;-2.366.068;-4.656.442;F;1º Ano,2º Ano,3º Ano,4º Ano,5º Ano;;;
165;Vital Brasil, EMEB;Vital Brasil;vital.brasil@saobernardo.sp.gov.br;;;4368-2533;;51020;VITAL BRASIL EMEB;0;Vital Brasil - EMEB;152;G3;Rua Brasil;748;;Vl. Vivaldi - Rudge Ramos;09627-000;Rudge Ramos;-23.65817 -46.56639;;-2.365.817;-4.656.639;I;;Infantil III,Infantil IV,Infantil V;;
166;Waldemar Canciani, EMEB Prof.;Waldemar Canciani;waldemar.canciani@saobernardo.sp.gov.br;;;4337-9264;;242044;WALDEMAR CANCIANI PROF EMEB;0;Waldemar Canciani, Professor - EMEB;153;G2;Rua Mato Grosso;86;;Pq. Imigrantes - Battistini;09843-400;Jd. Represa, Parque Los Angeles e Parque Imigrantes;-23.76981 -46.59003;;-2.376.981;-4.659.003;FE;1º Ano,2º Ano,3º Ano,4º Ano,5º Ano;;;
167;Zoraida Aparecida Ramos, EMEB Profa;Zoraida Aparecida;zoraida.ramos@saobernardo.sp.gov.br;;;4337-9925;;430109;ZORAIDA APARECIDA RAMOS PROFESSORA EMEB;0;Zoraida Aparecida Ramos, Professora - EMEB;400;G3;R. Leonardo Martins Neto;1086;;Alvarenga;09850-020;Jd. Thelma e Jd. Cláudia;-23.73474 -46.57875;;-2.373.474;-4.657.875;C;Berçário Final,Infantil I,Infantil II;;;
528;Tres Marias, EMEB;Tres Marias;tres.marias@saobernardo.sp.gov.br;;;2363-3772;2363-3773;;;;;;;Rua Centauro (CJ Hab 3 Marias);190;;Cooperativa;09852-205;;-23.72089 -46.59176;6;-2372089;-4.659.176;F;1º Ano,2º Ano,3º Ano,4º Ano,5º Ano;;;210 OR 528
