nome_unidade;id_unidade;cep;logradouro;bairro;curso;resultado;resultado_motivo;distancia_media;distancia_minima;distancia_maxima
ABEF- Associacao Beneficente Fidelidade;340;9784260;RUA ALTO DA BELA VISTA;MONTANHAO;CRECHE;DEFERIDO;DIFICULDADE DE ACESSO;1200;1100;1300
Aldino Pinotti, EMEB Prefeito;5;9761260;RUA NOVO HORIZONTE;INDUSTRIAL;FUND;DEFERIDO;DISTÂNCIA MAIOR QUE 1500 METROS;2014,285714;1900;2200
Aldino Pinotti, EMEB Prefeito;5;9784490;RUA CENTRAL;VILA SAO PEDRO;FUND;DEFERIDO;DISTÂNCIA MAIOR QUE 1500 METROS;2600;2600;2600
Alfredo Scarpelli, EMEB;6;9853700;RUA ARAGUAINA;COOPERATIVA;FUND;DEFERIDO;DIFICULDADE DE ACESSO;1300;1200;1400
Alfredo Scarpelli, EMEB;6;9853550;RUA MOSSORO ;SAO JORGE;FUND;DEFERIDO;DIFICULDADE DE ACESSO;1375;1300;1500
Alfredo Scarpelli, EMEB;6;9853550;RUA MOSSORO ;COOPERATIVA;FUND;DEFERIDO;DIFICULDADE DE ACESSO;1375;1300;1500
Alfredo Scarpelli, EMEB;6;9853690;RUA PERIMETRAL;COOPERATIVA;FUND;DEFERIDO;DIFICULDADE DE ACESSO;1316,666667;1300;1400
Alfredo Scarpelli, EMEB;6;9853570;RUA RORAIMA;COOPERATIVA;FUND;DEFERIDO;DISTÂNCIA MAIOR QUE 1500 METROS;1584,210526;1500;1700
Alfredo Scarpelli, EMEB;6;9853590;RUA ITAPERUNA;COOPERATIVA;FUND;DEFERIDO;DISTÂNCIA MAIOR QUE 1500 METROS;1725;1600;1800
Alfredo Scarpelli, EMEB;6;9853660;RUA CAMPO BELO;COOPERATIVA;FUND;INDEFERIDO;DISTÂNCIA MENOR QUE 1500 METROS;970;900;1000
Alfredo Scarpelli, EMEB;6;9853560;RUA PORTO ALEGRE;COOPERATIVA;FUND;DEFERIDO;DIFICULDADE DE ACESSO;1200;1100;1300
Alfredo Scarpelli, EMEB;6;9853705;RUA SAO JORGE;COOPERATIVA;FUND;DEFERIDO;DIFICULDADE DE ACESSO;1426,923077;1000;1800
Ana Henriqueta Clark Marim, EMEB;10;9171685;AVENIDA SAO TOMAS MOURO;DOS VIANAS;INF;DEFERIDO;DIFICULDADE DE ACESSO;1041,666667;500;1500
Ana Henriqueta Clark Marim, EMEB;10;9762310;AVENIDA SAO TOMAS MOURO;INDUSTRIAL;INF;DEFERIDO;DIFICULDADE DE ACESSO;1400;1300;1500
Alfredo Scarpelli, EMEB;6;9853710;RUA MACAPA;COOPERATIVA;FUND;DEFERIDO;DISTÂNCIA MAIOR QUE 1500 METROS;1630;1500;1800
Ana Henriqueta Clark Marim, EMEB;10;9784260;RUA ALTO DA BELA VISTA;MONTANHAO;INF;DEFERIDO;DIFICULDADE DE ACESSO;1200;1200;1200
Ana Henriqueta Clark Marim, EMEB;10;9765335;RUA ANTONIO GERONIMO DE FREITAS;MONTANHAO;INF;DEFERIDO;DIFICULDADE DE ACESSO;905;650;2100
Ana Henriqueta Clark Marim, EMEB;10;9784225;RUA BRAGANCA;MONTANHAO;INF;DEFERIDO;DIFICULDADE DE ACESSO;1060;700;1200
Ana Henriqueta Clark Marim, EMEB;10;9762290;RUA EDSON DE QUEIROZ;INDUSTRIAL;INF;DEFERIDO;DIFICULDADE DE ACESSO;895,7142857;750;1100
Ana Henriqueta Clark Marim, EMEB;10;9785210;RUA NOVO HORIZONTE;MONTANHAO;INF;DEFERIDO;DIFICULDADE DE ACESSO;910;850;1000
Ana Henriqueta Clark Marim, EMEB;10;9784215;RUA VINTE E SEIS DE MARCO;MONTANHAO;INF;DEFERIDO;DIFICULDADE DE ACESSO;966,6666667;800;1100
Andre Ferreira, EMEB Prof.;12;9781160;R PAIS DE ANDRADE;FERRAZOPOLIS;FUND;DEFERIDO;DIFICULDADE DE ACESSO;655,5555556;400;1000
Andre Ferreira, EMEB Prof.;12;9781620;RUA 23 DE ABRIL;FERRAZOPOLIS;FUND;DEFERIDO;DIFICULDADE DE ACESSO;876,9230769;750;1000
Andre Ferreira, EMEB Prof.;12;9781600;RUA ALBERTO BENECASA;FERRAZOPOLIS;FUND;DEFERIDO;DIFICULDADE DE ACESSO;843,4782609;750;1000
Andre Ferreira, EMEB Prof.;12;9782120;RUA ANA JULIA LUIZ;MONTANHAO;FUND;DEFERIDO;DIFICULDADE DE ACESSO;1300;1300;1300
Andre Ferreira, EMEB Prof.;12;9781190;RUA BARTIRA;FERRAZOPOLIS;FUND;DEFERIDO;DIFICULDADE DE ACESSO;966,6666667;900;1000
Andre Ferreira, EMEB Prof.;12;9782420;RUA CARAJAS FILHO;FERRAZOPOLIS;FUND;DEFERIDO;DIFICULDADE DE ACESSO;1400;1200;1800
Andre Ferreira, EMEB Prof.;12;9781170;RUA ECA DE QUEIROZ;FERRAZOPOLIS;FUND;DEFERIDO;DIFICULDADE DE ACESSO;750;600;850
Andre Ferreira, EMEB Prof.;12;9782710;RUA FLAUSINA DE PAULO SANTOS;FERRAZOPOLIS;FUND;DEFERIDO;DIFICULDADE DE ACESSO;925;400;1200
Andre Ferreira, EMEB Prof.;12;9782760;RUA JOAO BATISTA;FERRAZOPOLIS;FUND;DEFERIDO;DIFICULDADE DE ACESSO;1290;800;3200
Andre Ferreira, EMEB Prof.;12;9781230;RUA JOAO DE BARROS;FERRAZOPOLIS;FUND;DEFERIDO;DIFICULDADE DE ACESSO;1300;1100;1400
Andre Ferreira, EMEB Prof.;12;9782510;RUA MANOEL VITALDO CARMO;FERRAZOPOLIS;FUND;DEFERIDO;DIFICULDADE DE ACESSO;950;850;1000
Andre Ferreira, EMEB Prof.;12;9782790;RUA MARIA JOSE SILVA;FERRAZOPOLIS;FUND;DEFERIDO;DIFICULDADE DE ACESSO;1088,888889;1000;1100
Andre Ferreira, EMEB Prof.;12;9781180;RUA PADRE ANCHIETA;FERRAZOPOLIS;FUND;DEFERIDO;DIFICULDADE DE ACESSO;925;850;1100
Andre Ferreira, EMEB Prof.;12;9782450;RUA YASMIN;FERRAZOPOLIS;FUND;DEFERIDO;DIFICULDADE DE ACESSO;1060;700;1300
Andre Ferreira, EMEB Prof.;12;9781690;TRAVESSA ADRIANO RIBEIRO;FERRAZOPOLIS;FUND;DEFERIDO;DIFICULDADE DE ACESSO;850;700;1000
Andre Ferreira, EMEB Prof.;12;9781660;TRAVESSA JOSE MARTINS;FERRAZOPOLIS;FUND;DEFERIDO;DIFICULDADE DE ACESSO;873,9130435;800;1200
Andre Ferreira, EMEB Prof.;12;9781635;TRAVESSA SANTA ISABEL;FERRAZOPOLIS;FUND;DEFERIDO;DIFICULDADE DE ACESSO;710;650;1000
Andre Ferreira, EMEB Prof.;12;9781655;TRAVESSA ZANZIBAR;FERRAZOPOLIS;FUND;DEFERIDO;DIFICULDADE DE ACESSO;700;650;750
Andre Ferreira, EMEB Prof.;12;9781695;VIELA DA SEDE;FERRAZOPOLIS;FUND;DEFERIDO;DIFICULDADE DE ACESSO;1783,333333;750;3500
Angelo Ceroni, EMEB Padre;16;9784145;OLEODUTO;VILA SAO PEDRO;FUND;DEFERIDO;DIFICULDADE DE ACESSO;1650;1500;1800
Angelo Ceroni, EMEB Padre;16;9784200;RUA BAHIA;MONTANHAO;FUND;DEFERIDO;DIFICULDADE DE ACESSO;1560;1100;1900
Angelo Ceroni, EMEB Padre;16;9784260;RUA CABOATÃ;MONTANHAO;FUND;DEFERIDO;DIFICULDADE DE ACESSO;1740;1600;1900
Angelo Ceroni, EMEB Padre;16;9784385;BUENO VILELA;MONTANHAO;FUND;DEFERIDO;DIFICULDADE DE ACESSO;2300;2300;2300
Angelo Ceroni, EMEB Padre;16;9784105;AVENIDA AMAZONAS;MONTANHAO;FUND;DEFERIDO;DIFICULDADE DE ACESSO;1625;1300;1800
Angelo Ceroni, EMEB Padre;16;9784105;AVENIDA AMAZONAS;VILA SAO PEDRO;FUND;DEFERIDO;DIFICULDADE DE ACESSO;1625;1300;1800
Angelo Ceroni, EMEB Padre;16;9784000;AVENIDA DOM PEDRO DE ALCANTARA;MONTANHAO;FUND;DEFERIDO;DIFICULDADE DE ACESSO;2016,666667;1000;2600
Angelo Ceroni, EMEB Padre;16;9784000;AVENIDA DOM PEDRO DE ALCANTARA;VILA SAO PEDRO;FUND;DEFERIDO;DIFICULDADE DE ACESSO;2016,666667;1000;2600
Angelo Ceroni, EMEB Padre;16;9783090;AVENIDA LONDRES;MONTANHAO;FUND;DEFERIDO;DIFICULDADE DE ACESSO;2550;2500;2600
Angelo Ceroni, EMEB Padre;16;9784315;PASSAGEM SANTA CRUZ;MONTANHAO;FUND;DEFERIDO;DIFICULDADE DE ACESSO;2200;2200;2200
Angelo Ceroni, EMEB Padre;16;9784315;PASSAGEM SANTA CRUZ;MONTANHAO;FUND;DEFERIDO;DIFICULDADE DE ACESSO;2200;2200;2200
Angelo Ceroni, EMEB Padre;16;9784315;PASSAGEM SANTA CRUZ;VILA SAO PEDRO;FUND;DEFERIDO;DIFICULDADE DE ACESSO;2200;2200;2200
Andre Ferreira, EMEB Prof.;12;9791320;RUA JEQUITIBA ROSA;MONTANHAO;FUND;DEFERIDO;DISTÂNCIA MAIOR QUE 1500 METROS;2893,333333;2800;3000
Angelo Ceroni, EMEB Padre;16;9785070;PASSAGEM SANTO AGOSTINHO;MONTANHAO;FUND;DEFERIDO;DIFICULDADE DE ACESSO;1200;1200;1200
Angelo Ceroni, EMEB Padre;16;9784033;R IRAJA;MONTANHAO;FUND;DEFERIDO;DIFICULDADE DE ACESSO;1700;1700;1700
Angelo Ceroni, EMEB Padre;16;9783700;RUA 14 DE MAIO;MONTANHAO;FUND;DEFERIDO;DIFICULDADE DE ACESSO;2700;2700;2700
Angelo Ceroni, EMEB Padre;16;9765670;RUA 22 DE NOVEMBRO;MONTANHAO;FUND;DEFERIDO;DIFICULDADE DE ACESSO;1700;1700;1700
Agostinho dos Santos, EMEB;15;9852040;ESTRADA PARTICULAR EIJI KIKUTI;COOPERATIVA;CRECHE;DEFERIDO;DISTÂNCIA MAIOR QUE 1500 METROS;2314,285714;2100;2400
Angelo Ceroni, EMEB Padre;16;9784425;RUA 25 DE JULHO;VILA SAO PEDRO;FUND;DEFERIDO;DIFICULDADE DE ACESSO;2450;2400;2500
Angelo Ceroni, EMEB Padre;16;9784265;RUA 26 DE MAIO;VILA SAO PEDRO;FUND;DEFERIDO;DIFICULDADE DE ACESSO;1800;1800;1800
Angelo Ceroni, EMEB Padre;16;9784215;RUA 26 DE MARCO;BOA VISTA;FUND;DEFERIDO;DIFICULDADE DE ACESSO;1800;1800;1800
Angelo Ceroni, EMEB Padre;16;9784120;RUA 27 DE AGOSTO;MONTANHAO;FUND;DEFERIDO;DIFICULDADE DE ACESSO;1400;1400;1400
Angelo Ceroni, EMEB Padre;16;9784185;RUA 7 DE SETEMBRO;VILA SAO PEDRO;FUND;DEFERIDO;DIFICULDADE DE ACESSO;1500;1500;1500
Angelo Ceroni, EMEB Padre;16;9784260;RUA ALTO DA BELA VISTA;MONTANHAO;FUND;DEFERIDO;DIFICULDADE DE ACESSO;1740;1600;1900
Angelo Ceroni, EMEB Padre;16;9780630;RUA ANA MARIA;MONTANHAO;FUND;DEFERIDO;DIFICULDADE DE ACESSO;950;950;950
Angelo Ceroni, EMEB Padre;16;9765415;RUA ANTONIO DA SILVA LEMOS;MONTANHAO;FUND;DEFERIDO;DIFICULDADE DE ACESSO;1600;1600;1600
Angelo Ceroni, EMEB Padre;16;9784430;RUA ANTONIO GUSMAO FONTES;MONTANHAO;FUND;DEFERIDO;DIFICULDADE DE ACESSO;2400;2400;2400
Angelo Ceroni, EMEB Padre;16;9784200;RUA BAHIA;MONTANHAO;FUND;DEFERIDO;DIFICULDADE DE ACESSO;1560;1100;1900
Angelo Ceroni, EMEB Padre;16;9784200;RUA BAHIA;VILA SAO PEDRO;FUND;DEFERIDO;DIFICULDADE DE ACESSO;1560;1100;1900
Angelo Ceroni, EMEB Padre;16;9785085;RUA BAHIA;MONTANHAO;FUND;DEFERIDO;DIFICULDADE DE ACESSO;2100;2100;2100
Angelo Ceroni, EMEB Padre;16;9784365;RUA BANDEIRANTES;MONTANHAO;FUND;DEFERIDO;DIFICULDADE DE ACESSO;2750;2700;2800
Angelo Ceroni, EMEB Padre;16;9784055;RUA BEIRA RIO;MONTANHAO;FUND;DEFERIDO;DIFICULDADE DE ACESSO;2000;2000;2000
Angelo Ceroni, EMEB Padre;16;9784055;RUA BEIRA RIO;VILA SAO PEDRO;FUND;DEFERIDO;DIFICULDADE DE ACESSO;2000;2000;2000
Angelo Ceroni, EMEB Padre;16;9761340;RUA BELEM;INDUSTRIAL;FUND;DEFERIDO;DIFICULDADE DE ACESSO;1466,666667;1400;1600
Angelo Ceroni, EMEB Padre;16;9785060;RUA BENFICA;MONTANHAO;FUND;DEFERIDO;DIFICULDADE DE ACESSO;1300;1300;1300
Angelo Ceroni, EMEB Padre;16;9762030;RUA BOA AMIZADE;INDUSTRIAL;FUND;DEFERIDO;DIFICULDADE DE ACESSO;1900;1900;1900
Angelo Ceroni, EMEB Padre;16;9784310;RUA BOA VISTA;VILA SAO PEDRO;FUND;DEFERIDO;DIFICULDADE DE ACESSO;2100;2100;2100
Angelo Ceroni, EMEB Padre;16;9784305;RUA BOA VISTA (VL SAO PEDRO);MONTANHAO;FUND;DEFERIDO;DIFICULDADE DE ACESSO;2150;2100;2200
Angelo Ceroni, EMEB Padre;16;9784305;RUA BOA VISTA (VL SAO PEDRO);VILA SAO PEDRO;FUND;DEFERIDO;DIFICULDADE DE ACESSO;2150;2100;2200
Angelo Ceroni, EMEB Padre;16;9785000;RUA BONFIM;MONTANHAO;FUND;DEFERIDO;DIFICULDADE DE ACESSO;1120;1000;1200
Angelo Ceroni, EMEB Padre;16;9784225;RUA BRAGANCA;MONTANHAO;FUND;DEFERIDO;DIFICULDADE DE ACESSO;1850;1800;1900
Angelo Ceroni, EMEB Padre;16;9784385;RUA BUENO VILELA;MONTANHAO;FUND;DEFERIDO;DIFICULDADE DE ACESSO;2300;2300;2300
Angelo Ceroni, EMEB Padre;16;9784385;RUA BUENO VILELA;VILA SAO PEDRO;FUND;DEFERIDO;DIFICULDADE DE ACESSO;2300;2300;2300
Angelo Ceroni, EMEB Padre;16;9784325;RUA CEARA;VILA SAO PEDRO;FUND;DEFERIDO;DIFICULDADE DE ACESSO;2000;2000;2000
Angelo Ceroni, EMEB Padre;16;9784390;RUA CHICO MENDES;MONTANHAO;FUND;DEFERIDO;DIFICULDADE DE ACESSO;1500;800;2200
Angelo Ceroni, EMEB Padre;16;9784390;RUA CHICO MENDES;VILA SAO PEDRO;FUND;DEFERIDO;DIFICULDADE DE ACESSO;1500;800;2200
Angelo Ceroni, EMEB Padre;16;9784270;RUA CINCO DE OUTUBRO;MONTANHAO;FUND;DEFERIDO;DIFICULDADE DE ACESSO;1850;1700;1900
Angelo Ceroni, EMEB Padre;16;9784270;RUA CINCO DE OUTUBRO;VILA SAO PEDRO;FUND;DEFERIDO;DIFICULDADE DE ACESSO;1850;1700;1900
Angelo Ceroni, EMEB Padre;16;9784115;RUA DA ARVORE;MONTANHAO;FUND;DEFERIDO;DIFICULDADE DE ACESSO;1200;1200;1200
Angelo Ceroni, EMEB Padre;16;9784210;RUA DA BICA;MONTANHAO;FUND;DEFERIDO;DIFICULDADE DE ACESSO;1980;1600;2300
Angelo Ceroni, EMEB Padre;16;9784210;RUA DA BICA;VILA SAO PEDRO;FUND;DEFERIDO;DIFICULDADE DE ACESSO;1980;1600;2300
Angelo Ceroni, EMEB Padre;16;9784445;RUA DA CHACARA;VILA SAO PEDRO;FUND;DEFERIDO;DIFICULDADE DE ACESSO;1200;1100;1300
Angelo Ceroni, EMEB Padre;16;9785090;RUA DA CHACARA;MONTANHAO;FUND;DEFERIDO;DIFICULDADE DE ACESSO;1333,333333;1300;1400
Angelo Ceroni, EMEB Padre;16;9784145;RUA DA COMUNIDADE;MONTANHAO;FUND;DEFERIDO;DIFICULDADE DE ACESSO;1650;1500;1800
Angelo Ceroni, EMEB Padre;16;9784145;RUA DA COMUNIDADE;VILA SAO PEDRO;FUND;DEFERIDO;DIFICULDADE DE ACESSO;1650;1500;1800
Angelo Ceroni, EMEB Padre;16;9765780;RUA DANIEL ANUNCIACAO DOS REIS;MONTANHAO;FUND;DEFERIDO;DIFICULDADE DE ACESSO;1200;1200;1200
Angelo Ceroni, EMEB Padre;16;9784445;RUA DAS CHACARAS;MONTANHAO;FUND;DEFERIDO;DIFICULDADE DE ACESSO;2700;2700;2700
Angelo Ceroni, EMEB Padre;16;9784165;RUA DAS ROSAS;MONTANHAO;FUND;DEFERIDO;DIFICULDADE DE ACESSO;1500;1500;1500
Angelo Ceroni, EMEB Padre;16;9784165;RUA DAS ROSAS;VILA SAO PEDRO;FUND;DEFERIDO;DIFICULDADE DE ACESSO;1500;1500;1500
Angelo Ceroni, EMEB Padre;16;9784050;RUA DO OLEODUTO;MONTANHAO;FUND;DEFERIDO;DIFICULDADE DE ACESSO;1750;1600;1900
Angelo Ceroni, EMEB Padre;16;9784050;RUA DO OLEODUTO;VILA SAO PEDRO;FUND;DEFERIDO;DIFICULDADE DE ACESSO;1750;1600;1900
Angelo Ceroni, EMEB Padre;16;9784035;RUA DO SONHO;VILA SAO PEDRO;FUND;DEFERIDO;DIFICULDADE DE ACESSO;1900;1900;1900
Angelo Ceroni, EMEB Padre;16;9765500;RUA DOIS IRMAOS;MONTANHAO;FUND;DEFERIDO;DIFICULDADE DE ACESSO;1550;1500;1600
Angelo Ceroni, EMEB Padre;16;9784175;RUA DOS AMIGOS;MONTANHAO;FUND;DEFERIDO;DIFICULDADE DE ACESSO;1557,142857;1500;1600
Angelo Ceroni, EMEB Padre;16;9784175;RUA DOS AMIGOS;VILA SAO PEDRO;FUND;DEFERIDO;DIFICULDADE DE ACESSO;1557,142857;1500;1600
Angelo Ceroni, EMEB Padre;16;9784175;RUA DOS ANJOS;VILA SAO PEDRO;FUND;DEFERIDO;DIFICULDADE DE ACESSO;1500;1500;1500
Angelo Ceroni, EMEB Padre;16;9785055;RUA DOS MENINOS;MONTANHAO;FUND;DEFERIDO;DIFICULDADE DE ACESSO;1000;1000;1000
Angelo Ceroni, EMEB Padre;16;9783210;RUA DOS PASSAROS ;MONTANHAO;FUND;DEFERIDO;DIFICULDADE DE ACESSO;2300;2000;2600
Angelo Ceroni, EMEB Padre;16;9783210;RUA DOS PASSAROS ;VILA SAO PEDRO;FUND;DEFERIDO;DIFICULDADE DE ACESSO;2300;2000;2600
Angelo Ceroni, EMEB Padre;16;9784060;RUA DOS PASSAROS ;MONTANHAO;FUND;DEFERIDO;DISTÂNCIA MAIOR QUE 1500 METROS;2112,5;2000;2600
Angelo Ceroni, EMEB Padre;16;9784060;RUA DOS PASSAROS ;VILA SAO PEDRO;FUND;DEFERIDO;DIFICULDADE DE ACESSO;2112,5;2000;2600
Angelo Ceroni, EMEB Padre;16;9784313;RUA DOUTOR ROQUE;MONTANHAO;FUND;DEFERIDO;DIFICULDADE DE ACESSO;2300;2300;2300
Angelo Ceroni, EMEB Padre;16;9784313;RUA DOUTOR ROQUE;VILA SAO PEDRO;FUND;DEFERIDO;DISTÂNCIA MAIOR QUE 1500 METROS;2300;2300;2300
Angelo Ceroni, EMEB Padre;16;9762290;RUA EDSON DE QUEIROZ;INDUSTRIAL;FUND;DEFERIDO;DIFICULDADE DE ACESSO;2033,333333;2000;2100
Angelo Ceroni, EMEB Padre;16;9784255;RUA ESPERANCA;VILA SAO PEDRO;FUND;DEFERIDO;DIFICULDADE DE ACESSO;1800;1800;1800
Angelo Ceroni, EMEB Padre;16;9765690;RUA FELICINA;MONTANHAO;FUND;DEFERIDO;DIFICULDADE DE ACESSO;1420;1400;1500
Angelo Ceroni, EMEB Padre;16;9784180;RUA FLOR DE MAIO;MONTANHAO;FUND;DEFERIDO;DIFICULDADE DE ACESSO;1466,666667;1400;1500
Angelo Ceroni, EMEB Padre;16;9784290;RUA FREI DAMIAO;VILA SAO PEDRO;FUND;DEFERIDO;DIFICULDADE DE ACESSO;2500;2500;2500
Angelo Ceroni, EMEB Padre;16;9784400;RUA GERONIMO DOS SANTOS;MONTANHAO;FUND;DEFERIDO;DIFICULDADE DE ACESSO;2300;2300;2300
Angelo Ceroni, EMEB Padre;16;9784400;RUA GERONIMO DOS SANTOS;VILA SAO PEDRO;FUND;DEFERIDO;DIFICULDADE DE ACESSO;2300;2300;2300
Angelo Ceroni, EMEB Padre;16;9784440;RUA GERONIMO DOS SANTOS;VILA SAO PEDRO;FUND;DEFERIDO;DIFICULDADE DE ACESSO;2000;2000;2000
Angelo Ceroni, EMEB Padre;16;9784480;RUA GERONIMO DOS SANTOS;VILA SAO PEDRO;FUND;DEFERIDO;DIFICULDADE DE ACESSO;2300;2300;2300
Angelo Ceroni, EMEB Padre;16;9784110;RUA GUIMARAES ROSA;MONTANHAO;FUND;DEFERIDO;DIFICULDADE DE ACESSO;1150;1100;1200
Angelo Ceroni, EMEB Padre;16;9765660;RUA HIODORO CUSTODIO;PARQUE SAO BERNARDO;FUND;DEFERIDO;DIFICULDADE DE ACESSO;1500;1400;1600
Angelo Ceroni, EMEB Padre;16;9761310;RUA IARA;JARDIM PETRONI;FUND;DEFERIDO;DIFICULDADE DE ACESSO;700;700;700
Angelo Ceroni, EMEB Padre;16;9784510;RUA JAVANES;MONTANHAO;FUND;DEFERIDO;DIFICULDADE DE ACESSO;2500;2500;2500
Angelo Ceroni, EMEB Padre;16;9784510;RUA JAVANES;VILA SAO PEDRO;FUND;DEFERIDO;DIFICULDADE DE ACESSO;2500;2500;2500
Angelo Ceroni, EMEB Padre;16;9783120;RUA JESSE;MONTANHAO;FUND;DEFERIDO;DIFICULDADE DE ACESSO;2600;2600;2600
Angelo Ceroni, EMEB Padre;16;9781230;RUA JOAO DE BARROS;FERRAZOPOLIS;FUND;DEFERIDO;DIFICULDADE DE ACESSO;3050;2900;3200
Angelo Ceroni, EMEB Padre;16;9784370;RUA MANOEL GUSMAO;VILA SAO PEDRO;FUND;DEFERIDO;DIFICULDADE DE ACESSO;2600;2600;2600
Angelo Ceroni, EMEB Padre;16;9784370;RUA MANOEL GUSMAO FONTES;MONTANHAO;FUND;DEFERIDO;DIFICULDADE DE ACESSO;2600;2600;2600
Angelo Ceroni, EMEB Padre;16;9784370;RUA MANOEL GUSMAO FONTES;VILA SAO PEDRO;FUND;DEFERIDO;DIFICULDADE DE ACESSO;2600;2600;2600
Angelo Ceroni, EMEB Padre;16;9784420;RUA MARIA ERMINIA DE JESUS;MONTANHAO;FUND;DEFERIDO;DIFICULDADE DE ACESSO;2400;2400;2400
Angelo Ceroni, EMEB Padre;16;9765400;RUA MARIA RODRIGUES FERREIRA;MONTANHAO;FUND;DEFERIDO;DIFICULDADE DE ACESSO;1500;1500;1500
Angelo Ceroni, EMEB Padre;16;9784195;RUA MARINGA;MONTANHAO;FUND;DEFERIDO;DIFICULDADE DE ACESSO;1700;1700;1700
Angelo Ceroni, EMEB Padre;16;9784295;RUA MONTE DAS OLIVEIRAS;MONTANHAO;FUND;DEFERIDO;DIFICULDADE DE ACESSO;2350;2200;2500
Angelo Ceroni, EMEB Padre;16;9784295;RUA MONTE DAS OLIVEIRAS;VILA SAO PEDRO;FUND;DEFERIDO;DIFICULDADE DE ACESSO;2350;2200;2500
Angelo Ceroni, EMEB Padre;16;9784151;RUA MONTE LIBANO;VILA SAO PEDRO;FUND;DEFERIDO;DIFICULDADE DE ACESSO;1450;1400;1500
Angelo Ceroni, EMEB Padre;16;9784285;RUA NASCER DO SOL;MONTANHAO;FUND;DEFERIDO;DIFICULDADE DE ACESSO;2400;2300;2500
Angelo Ceroni, EMEB Padre;16;9784285;RUA NASCER DO SOL;VILA SAO PEDRO;FUND;DEFERIDO;DIFICULDADE DE ACESSO;2400;2300;2500
Angelo Ceroni, EMEB Padre;16;9785025;RUA NOVA UNIAO;MONTANHAO;FUND;DEFERIDO;DIFICULDADE DE ACESSO;1100;1100;1100
Angelo Ceroni, EMEB Padre;16;9761260;RUA NOVO HORIZONTE;INDUSTRIAL;FUND;DEFERIDO;DIFICULDADE DE ACESSO;1225;900;1300
Angelo Ceroni, EMEB Padre;16;9784030;RUA PADRE JOSIMO MORAES TAVARES;MONTANHAO;FUND;DEFERIDO;DIFICULDADE DE ACESSO;1800;1800;1800
Angelo Ceroni, EMEB Padre;16;9781270;RUA PADRE TARCISIO ZANOTTI;SANTA TEREZINHA;FUND;DEFERIDO;DIFICULDADE DE ACESSO;2500;2500;2500
Angelo Ceroni, EMEB Padre;16;9784205;RUA PARANA;MONTANHAO;FUND;DEFERIDO;DIFICULDADE DE ACESSO;1850;1800;2000
Angelo Ceroni, EMEB Padre;16;9784205;RUA PARANA;VILA SAO PEDRO;FUND;DEFERIDO;DIFICULDADE DE ACESSO;1850;1800;2000
Angelo Ceroni, EMEB Padre;16;9784187;RUA PASTOR JOSE F DE SOUZA;VILA SAO PEDRO;FUND;DEFERIDO;DIFICULDADE DE ACESSO;1500;1500;1500
Angelo Ceroni, EMEB Padre;16;9784187;RUA PASTOR JOSE FERREIRA DE SOUZA;MONTANHAO;FUND;DEFERIDO;DIFICULDADE DE ACESSO;1550;1500;1600
Angelo Ceroni, EMEB Padre;16;9761277;RUA PEDRO NUNES;INDUSTRIAL;FUND;DEFERIDO;DIFICULDADE DE ACESSO;1000;1000;1000
Angelo Ceroni, EMEB Padre;16;9784275;RUA PERUIBE;MONTANHAO;FUND;DEFERIDO;DIFICULDADE DE ACESSO;1800;1800;1800
Angelo Ceroni, EMEB Padre;16;9784275;RUA PERUIBE;VILA SAO PEDRO;FUND;DEFERIDO;DISTÂNCIA MAIOR QUE 1500 METROS;1800;1800;1800
Angelo Ceroni, EMEB Padre;16;9784480;RUA PRIMEIRO DE AGOSTO;MONTANHAO;FUND;DEFERIDO;DIFICULDADE DE ACESSO;2500;2500;2500
Angelo Ceroni, EMEB Padre;16;9784375;RUA PRIMEIRO DE MAIO;VILA SAO PEDRO;FUND;DEFERIDO;DIFICULDADE DE ACESSO;2500;2500;2500
Angelo Ceroni, EMEB Padre;16;9784450;RUA PRINCESA ISABEL;MONTANHAO;FUND;DEFERIDO;DIFICULDADE DE ACESSO;2700;2700;2700
Angelo Ceroni, EMEB Padre;16;9784190;RUA QUINZE DE NOVEMBRO;BOA VISTA;FUND;DEFERIDO;DIFICULDADE DE ACESSO;1600;1600;1600
Angelo Ceroni, EMEB Padre;16;9784190;RUA QUINZE DE NOVEMBRO;MONTANHAO;FUND;DEFERIDO;DISTÂNCIA MAIOR QUE 1500 METROS;1600;1600;1600
Angelo Ceroni, EMEB Padre;16;9784190;RUA QUINZE DE NOVEMBRO;VILA SAO PEDRO;FUND;DEFERIDO;DIFICULDADE DE ACESSO;1600;1600;1600
Angelo Ceroni, EMEB Padre;16;9784200;RUA QUINZE DE NOVEMBRO;VILA SAO PEDRO;FUND;DEFERIDO;DIFICULDADE DE ACESSO;1500;1500;1500
Angelo Ceroni, EMEB Padre;16;9784435;RUA REZENDE;VILA SAO PEDRO;FUND;DEFERIDO;DIFICULDADE DE ACESSO;2400;2400;2400
Angelo Ceroni, EMEB Padre;16;9785075;RUA RIO BRANCO;MONTANHAO;FUND;DEFERIDO;DIFICULDADE DE ACESSO;2600;2600;2600
Angelo Ceroni, EMEB Padre;16;9785070;RUA SANTO AGOSTINHO;MONTANHAO;FUND;DEFERIDO;DIFICULDADE DE ACESSO;1200;1200;1200
Angelo Ceroni, EMEB Padre;16;9762340;RUA SANTO ANTONIO;INDUSTRIAL;FUND;DEFERIDO;DIFICULDADE DE ACESSO;2100;2100;2100
Angelo Ceroni, EMEB Padre;16;9784065;RUA SANTO ANTONIO;MONTANHAO;FUND;DEFERIDO;DIFICULDADE DE ACESSO;2066,666667;1900;2200
Angelo Ceroni, EMEB Padre;16;9785065;RUA SANTO ANTONIO;VILA SAO PEDRO;FUND;DEFERIDO;DIFICULDADE DE ACESSO;2100;2100;2100
Angelo Ceroni, EMEB Padre;16;9784355;RUA SAO FRANCISCO;MONTANHAO;FUND;DEFERIDO;DIFICULDADE DE ACESSO;2600;2400;2700
Angelo Ceroni, EMEB Padre;16;9785020;RUA SAO JORGE;MONTANHAO;FUND;DEFERIDO;DIFICULDADE DE ACESSO;900;900;900
Angelo Ceroni, EMEB Padre;16;9784380;RUA SAO JUDAS TADEU;MONTANHAO;FUND;DEFERIDO;DIFICULDADE DE ACESSO;2366,333333;2300;2499
Angelo Ceroni, EMEB Padre;16;9784380;RUA SAO JUDAS TADEU;VILA SAO PEDRO;FUND;DEFERIDO;DIFICULDADE DE ACESSO;2366,333333;2300;2499
Angelo Ceroni, EMEB Padre;16;9780650;RUA SAO RAIMUNDO;MONTANHAO;FUND;DEFERIDO;DIFICULDADE DE ACESSO;1100;1000;1200
Angelo Ceroni, EMEB Padre;16;9784310;RUA SAO ROQUE;MONTANHAO;FUND;DEFERIDO;DIFICULDADE DE ACESSO;2200;2200;2200
Angelo Ceroni, EMEB Padre;16;9784310;RUA SAO ROQUE;VILA SAO PEDRO;FUND;DEFERIDO;DIFICULDADE DE ACESSO;2200;2200;2200
Angelo Ceroni, EMEB Padre;16;9765620;RUA SAPUCAIA;MONTANHAO;FUND;DEFERIDO;DIFICULDADE DE ACESSO;1400;1400;1400
Angelo Ceroni, EMEB Padre;16;9772020;RUA SARACANTA;MONTANHAO;FUND;DEFERIDO;DIFICULDADE DE ACESSO;750;750;750
Angelo Ceroni, EMEB Padre;16;9784185;RUA SETE DE SETEMBRO;BOA VISTA;FUND;DEFERIDO;DIFICULDADE DE ACESSO;1500;1500;1500
Angelo Ceroni, EMEB Padre;16;9784185;RUA SETE DE SETEMBRO;MONTANHAO;FUND;DEFERIDO;DIFICULDADE DE ACESSO;1500;1500;1500
Angelo Ceroni, EMEB Padre;16;9785065;RUA SETE DE SETEMBRO;BOA VISTA;FUND;DEFERIDO;DIFICULDADE DE ACESSO;1500;1500;1500
Angelo Ceroni, EMEB Padre;16;9785065;RUA SETE DE SETEMBRO;MONTANHAO;FUND;DEFERIDO;DIFICULDADE DE ACESSO;1500;1500;1500
Angelo Ceroni, EMEB Padre;16;9784005;RUA SEVERO DE SOUZA;MONTANHAO;FUND;DEFERIDO;DIFICULDADE DE ACESSO;1650;1600;1700
Angelo Ceroni, EMEB Padre;16;9762340;RUA STO ANTONIO;VILA SAO PEDRO;FUND;DEFERIDO;DIFICULDADE DE ACESSO;2100;2100;2100
Angelo Ceroni, EMEB Padre;16;9784360;RUA TANCREDO NEVES;MONTANHAO;FUND;DEFERIDO;DIFICULDADE DE ACESSO;2400;2400;2400
Angelo Ceroni, EMEB Padre;16;9780900;RUA TIRADENTES 1837;SANTA TEREZINHA;FUND;DEFERIDO;DIFICULDADE DE ACESSO;2200;2200;2200
Angelo Ceroni, EMEB Padre;16;9761390;RUA TUPI;VILA TUPI;FUND;DEFERIDO;DIFICULDADE DE ACESSO;1100;1100;1100
Angelo Ceroni, EMEB Padre;16;9784155;RUA UBIRAJARA;MONTANHAO;FUND;DEFERIDO;DIFICULDADE DE ACESSO;1516,666667;1400;1600
Angelo Ceroni, EMEB Padre;16;9784155;RUA UBIRAJARA;VILA SAO PEDRO;FUND;DEFERIDO;DIFICULDADE DE ACESSO;1516,666667;1400;1600
Angelo Ceroni, EMEB Padre;16;9784460;RUA UNIAO;VILA SAO PEDRO;FUND;DEFERIDO;DIFICULDADE DE ACESSO;2000;1500;2500
Angelo Ceroni, EMEB Padre;16;9784340;RUA VASCO DA GAMA;VILA SAO PEDRO;FUND;DEFERIDO;DIFICULDADE DE ACESSO;2850;2300;3400
Angelo Ceroni, EMEB Padre;16;9785010;RUA VINTE CINCO DE DEZEMBRO;MONTANHAO;FUND;DEFERIDO;DIFICULDADE DE ACESSO;900;900;900
Angelo Ceroni, EMEB Padre;16;9765670;RUA VINTE E DOIS DE NOVEMBRO;PARQUE SAO BERNARDO;FUND;DEFERIDO;DIFICULDADE DE ACESSO;1200;1200;1200
Angelo Ceroni, EMEB Padre;16;9784515;RUA VINTE E OITO DE ABRIL;MONTANHAO;FUND;DEFERIDO;DIFICULDADE DE ACESSO;2900;2900;2900
Angelo Ceroni, EMEB Padre;16;9784515;RUA VINTE E OITO DE ABRIL;VILA SAO PEDRO;FUND;DEFERIDO;DIFICULDADE DE ACESSO;2900;2900;2900
Angelo Ceroni, EMEB Padre;16;9784125;RUA VINTE E OITO DE AGOSTO;MONTANHAO;FUND;DEFERIDO;DIFICULDADE DE ACESSO;1266,666667;1200;1300
Angelo Ceroni, EMEB Padre;16;9784215;RUA VINTE E SEIS DE MARCO;MONTANHAO;FUND;DEFERIDO;DIFICULDADE DE ACESSO;1900;1900;1900
Angelo Ceroni, EMEB Padre;16;9784120;RUA VINTE E SETE DE AGOSTO;MONTANHAO;FUND;DEFERIDO;DIFICULDADE DE ACESSO;1200;1200;1200
Angelo Ceroni, EMEB Padre;16;9784120;RUA VINTE E SETE DE AGOSTO;VILA SAO PEDRO;FUND;DEFERIDO;DIFICULDADE DE ACESSO;1200;1200;1200
Angelo Ceroni, EMEB Padre;16;9784215;RUA VINTE SEIS DE MARCO;MONTANHAO;FUND;DEFERIDO;DIFICULDADE DE ACESSO;1700;1700;1700
Angelo Ceroni, EMEB Padre;16;9783130;RUA VITORIA DA CONQUISTA;MONTANHAO;FUND;DEFERIDO;DIFICULDADE DE ACESSO;2500;2500;2500
Angelo Ceroni, EMEB Padre;16;9781585;TRAVESSA OLIMPIA DE DEUS;MONTANHAO;FUND;DEFERIDO;DIFICULDADE DE ACESSO;2500;2500;2500
Angelo Ceroni, EMEB Padre;16;9784315;RUA SANTA CRUZ;VILA SAO PEDRO;FUND;DEFERIDO;DIFICULDADE DE ACESSO;2200;2200;2200
Antonio de Lima, EMEB;19;9791100;AVENIDA VISCONDE DE CAIRU;FERRAZOPOLIS;INF;DEFERIDO;DIFICULDADE DE ACESSO;536,6666667;400;650
Antonio de Lima, EMEB;19;9790408;RUA FLOR DE PRIMAVERA;FERRAZOPOLIS;INF;DEFERIDO;DIFICULDADE DE ACESSO;921,7391304;800;1100
Antonio de Lima, EMEB;19;9791320;RUA JEQUITIBA ROSA;MONTANHAO;INF;DEFERIDO;DIFICULDADE DE ACESSO;1500;1500;1500
Antonio Pereira Coutinho, EMEB;22;9856070;RUA AVE DO PARAISO;ALVARENGA;INF;DEFERIDO;DIFICULDADE DE ACESSO;991,6666667;900;1100
Antonio Pereira Coutinho, EMEB;22;9856260;RUA BELA VISTA;ALVARENGA;INF;DEFERIDO;DIFICULDADE DE ACESSO;900;850;950
Antonio Pereira Coutinho, EMEB;22;9856120;RUA CARDEAL;ALVARENGA;INF;DEFERIDO;DIFICULDADE DE ACESSO;980;850;1100
Antonio Pereira Coutinho, EMEB;22;9856280;RUA COLMEIAS;ALVARENGA;INF;DEFERIDO;DIFICULDADE DE ACESSO;885,7142857;850;900
Antonio Pereira Coutinho, EMEB;22;9856220;RUA PLANALTO;ALVARENGA;INF;DEFERIDO;DIFICULDADE DE ACESSO;1022,916667;950;1100
Antonio Pereira Coutinho, EMEB;22;9856220;RUA PLANALTO;JOAO DE BARRO;INF;DEFERIDO;DIFICULDADE DE ACESSO;1022,916667;950;1100
Arlindo Miguel Teixeira, EMEB;25;9856001;AVENIDA JOAO DE BARRO;ALVARENGA;FUND;DEFERIDO;DIFICULDADE DE ACESSO;1609,090909;1300;2000
Arlindo Miguel Teixeira, EMEB;25;9856210;RUA ALBATROZ;ALVARENGA;FUND;DEFERIDO;DIFICULDADE DE ACESSO;1300;1100;1600
Arlindo Miguel Teixeira, EMEB;25;9856150;RUA BEIJA-FLOR;ALVARENGA;FUND;DEFERIDO;DIFICULDADE DE ACESSO;1430;1100;1900
Arlindo Miguel Teixeira, EMEB;25;9857160;RUA BERTIOGA;ALVARENGA;FUND;DEFERIDO;DIFICULDADE DE ACESSO;1516,666667;1400;1700
Arlindo Miguel Teixeira, EMEB;25;9856140;RUA DAS ANDORINHAS;ALVARENGA;FUND;DEFERIDO;DIFICULDADE DE ACESSO;1540;1200;2000
Arlindo Miguel Teixeira, EMEB;25;9856160;RUA DAS ARARAS;ALVARENGA;FUND;DEFERIDO;DIFICULDADE DE ACESSO;1387,5;1100;2000
Arlindo Miguel Teixeira, EMEB;25;9857010;RUA DAS QUARESMEIRAS;ALVARENGA;FUND;DEFERIDO;DIFICULDADE DE ACESSO;1482,758621;1200;3300
Arlindo Miguel Teixeira, EMEB;25;9857015;RUA DOS PALMITAIS;ALVARENGA;FUND;DEFERIDO;DIFICULDADE DE ACESSO;1420,689655;1200;1700
Arlindo Miguel Teixeira, EMEB;25;9857510;RUA JACARANDA;ALVARENGA;FUND;DEFERIDO;DIFICULDADE DE ACESSO;1472,727273;1400;1700
Arlindo Miguel Teixeira, EMEB;25;9852490;RUA MADRE INES TRIBIOLLI;ALVARENGA;FUND;DEFERIDO;DIFICULDADE DE ACESSO;1281,818182;1200;1500
Arlindo Miguel Teixeira, EMEB;25;9852490;RUA MADRE INES TRIBIOLLI;JARDIM LAURA;FUND;DEFERIDO;DIFICULDADE DE ACESSO;1281,818182;1200;1500
Arlindo Miguel Teixeira, EMEB;25;9852405;RUA MIL E UM;ALVARENGA;FUND;DEFERIDO;DIFICULDADE DE ACESSO;1455,701754;600;5800
Arlindo Miguel Teixeira, EMEB;25;9852405;RUA MIL E UM;JARDIM LAURA;FUND;DEFERIDO;DIFICULDADE DE ACESSO;1455,701754;600;5800
Arlindo Miguel Teixeira, EMEB;25;9857050;RUA NOVA ESPERANCA;ALVARENGA;FUND;DEFERIDO;DIFICULDADE DE ACESSO;1420,833333;1200;1700
Arlindo Miguel Teixeira, EMEB;25;9857050;RUA NOVA ESPERANCA;PARQUE IDEAL;FUND;DEFERIDO;DIFICULDADE DE ACESSO;1420,833333;1200;1700
Arlindo Miguel Teixeira, EMEB;25;9856430;RUA PALMEIRAS;ALVARENGA;FUND;DEFERIDO;DIFICULDADE DE ACESSO;1478,333333;900;3600
Arlindo Miguel Teixeira, EMEB;25;9854200;RUA PAULO LAZZURI;ALVARENGA;FUND;DEFERIDO;DIFICULDADE DE ACESSO;513,7209302;260;1900
Arlindo Miguel Teixeira, EMEB;25;9854200;RUA PAULO LAZZURI;SITIO JOANINHA;FUND;DEFERIDO;DIFICULDADE DE ACESSO;513,7209302;260;1900
Arlindo Miguel Teixeira, EMEB;25;9856220;RUA PLANALTO;ALVARENGA;FUND;DEFERIDO;DIFICULDADE DE ACESSO;1536,486486;650;2200
Arlindo Miguel Teixeira, EMEB;25;9856020;RUA ROUXINOL;ALVARENGA;FUND;DEFERIDO;DIFICULDADE DE ACESSO;1380;1200;1600
Arlindo Miguel Teixeira, EMEB;25;9857060;RUA SANTO ANDRE;ALVARENGA;FUND;DEFERIDO;DIFICULDADE DE ACESSO;1200;1200;1200
Arlindo Miguel Teixeira, EMEB;25;9857060;RUA SANTO ANDRE;PARQUE IDEAL;FUND;DEFERIDO;DIFICULDADE DE ACESSO;1200;1200;1200
Arlindo Miguel Teixeira, EMEB;25;9857070;RUA SAO CAETANO DO SUL;ALVARENGA;FUND;DEFERIDO;DIFICULDADE DE ACESSO;1300;1300;1300
Arlindo Miguel Teixeira, EMEB;25;9856030;RUA TANGARAS;ALVARENGA;FUND;DEFERIDO;DIFICULDADE DE ACESSO;1450;1000;2200
Arlindo Miguel Teixeira, EMEB;25;9856030;RUA TANGARAS;JOAO DE BARRO;FUND;DEFERIDO;DIFICULDADE DE ACESSO;1450;1000;2200
Antonio de Lima, EMEB;19;9791330;AVENIDA VISCONDE DE ARARUAMA;FERRAZOPOLIS;INF;INDEFERIDO;DISTÂNCIA MENOR QUE 1500 METROS;612,5;500;850
Antonio de Lima, EMEB;19;9791340;RUA GASPAR DE SOUZA;FERRAZOPOLIS;INF;INDEFERIDO;DISTÂNCIA MENOR QUE 1500 METROS;730;600;800
ASSISBRAC II - Pq Selecta;336;9791240;PASSAGEM DOS CAFEZAIS;MONTANHAO;CRECHE;DEFERIDO;DIFICULDADE DE ACESSO;1300;1200;1400
ASSISBRAC II - Pq Selecta;336;9791220;RUA ANITA GARIBALDI;MONTANHAO;CRECHE;DEFERIDO;DIFICULDADE DE ACESSO;1416,666667;1200;1600
ASSISBRAC II - Pq Selecta;336;9791800;RUA ERNESTO GASTALDO;MONTANHAO;CRECHE;DEFERIDO;DIFICULDADE DE ACESSO;1114,285714;1100;1200
Benedito Jose de Morais, EMEB;29;9791100;AVENIDA VISCONDE DE CAIRE;FERRAZOPOLIS;FUND;DEFERIDO;DIFICULDADE DE ACESSO;743,75;550;800
Benedito Jose de Morais, EMEB;29;9791100;AVENIDA VISCONDE DE CAIRU;FERRAZOPOLIS;FUND;DEFERIDO;DIFICULDADE DE ACESSO;735,1851852;550;850
Benedito Jose de Morais, EMEB;29;9791100;AVENIDA VISCONDE DE CAIRU;JARDIM  SILVINA;FUND;DEFERIDO;DIFICULDADE DE ACESSO;735,1851852;550;850
Benedito Jose de Morais, EMEB;29;9791390;RUA ANTONIO VARGAS FARIA;FERRAZOPOLIS;FUND;DEFERIDO;DIFICULDADE DE ACESSO;745;700;800
Benedito Jose de Morais, EMEB;29;9790408;RUA FLOR DE PRIMAVERA;FERRAZOPOLIS;FUND;DEFERIDO;DIFICULDADE DE ACESSO;1128,571429;1000;1200
Benedito Jose de Morais, EMEB;29;9790408;RUA FLOR DE PRIMAVERA;JARDIM  SILVINA;FUND;DEFERIDO;DIFICULDADE DE ACESSO;1128,571429;1000;1200
Antonio Pereira Coutinho, EMEB;22;9856130;RUA DOS CANARIOS;ALVARENGA;INF;INDEFERIDO;DISTÂNCIA MENOR QUE 1500 METROS;878,5714286;700;1100
Benedito Jose de Morais, EMEB;29;9791035;RUA JOAO SOARES DA SILVA;FERRAZOPOLIS;FUND;DEFERIDO;DIFICULDADE DE ACESSO;734,0909091;650;800
Benedito Jose de Morais, EMEB;29;9791357;RUA JOSE TEIXEIRA GUIMARAES;FERRAZOPOLIS;FUND;DEFERIDO;DIFICULDADE DE ACESSO;955;800;1100
Benedito Jose de Morais, EMEB;29;9791356;RUA MARIA ORLINDA MARTINS;FERRAZOPOLIS;FUND;DEFERIDO;DIFICULDADE DE ACESSO;1016,666667;1000;1100
Benedito Jose de Morais, EMEB;29;9791006;RUA PADRE LEO COMISSARI;FERRAZOPOLIS;FUND;DEFERIDO;DIFICULDADE DE ACESSO;1000;650;1400
Benedito Jose de Morais, EMEB;29;9791005;RUA PADRE LEO COMISSARI;JARDIM SILVA;FUND;DEFERIDO;DIFICULDADE DE ACESSO;910;450;1500
Benedito Jose de Morais, EMEB;29;9791005;RUA PADRE LEO COMISSARI;JARDIM  SILVINA;FUND;DEFERIDO;DIFICULDADE DE ACESSO;910;450;1500
Benedito Jose de Morais, EMEB;29;9791005;RUA PADRE LEO COMISSARI;FERRAZOPOLIS;FUND;DEFERIDO;DIFICULDADE DE ACESSO;910;450;1500
Benedito Jose de Morais, EMEB;29;9790405;RUA PONTE ALTA;FERRAZOPOLIS;FUND;DEFERIDO;DIFICULDADE DE ACESSO;893,75;600;1300
Benedito Jose de Morais, EMEB;29;9791300;RUA WASHINGTON LUIZ;FERRAZOPOLIS;FUND;DEFERIDO;DIFICULDADE DE ACESSO;1128,571429;700;1300
Benedito Jose de Morais, EMEB;29;9791073;TRAVESSA ASSEMBLEIA DE DEUS;FERRAZOPOLIS;FUND;DEFERIDO;DIFICULDADE DE ACESSO;811,1111111;750;1000
Arlindo Miguel Teixeira, EMEB;25;9852430;RUA SYLVIO;ALVARENGA;FUND;INDEFERIDO;DISTÂNCIA MENOR QUE 1500 METROS;1069,230769;900;1300
Arlindo Miguel Teixeira, EMEB;25;9852450;RUA ALMEIDA DURAO;ALVARENGA;FUND;INDEFERIDO;DISTÂNCIA MENOR QUE 1500 METROS;808,3333333;500;1100
Benedito Jose de Morais, EMEB;29;9791072;TRAVESSA CANTAREIRA;FERRAZOPOLIS;FUND;DEFERIDO;DIFICULDADE DE ACESSO;828,5714286;700;1100
Benedito Jose de Morais, EMEB;29;9791370;TRAVESSA IMPERIO;FERRAZOPOLIS;FUND;DEFERIDO;DIFICULDADE DE ACESSO;780;600;850
Arlindo Miguel Teixeira, EMEB;25;9853190;RUA AMERICA DO SUL;ALVARENGA;FUND;INDEFERIDO;DISTÂNCIA MENOR QUE 1500 METROS;910;550;1100
Benedito Jose de Morais, EMEB;29;9791395;TRAVESSA JOTA BLITZ;FERRAZOPOLIS;FUND;DEFERIDO;DIFICULDADE DE ACESSO;850;750;950
Benedito Jose de Morais, EMEB;29;9791355;TRAVESSA MANOEL AMARO DA SILVA;FERRAZOPOLIS;FUND;DEFERIDO;DIFICULDADE DE ACESSO;1010;950;1100
Benedito Jose de Morais, EMEB;29;9791391;TRAVESSA MONTEIRO DE CARVALHO;FERRAZOPOLIS;FUND;DEFERIDO;DIFICULDADE DE ACESSO;800;800;800
Benedito Jose de Morais, EMEB;29;9791392;TRAVESSA RAUL SEIXAS;FERRAZOPOLIS;FUND;DEFERIDO;DIFICULDADE DE ACESSO;820;750;850
Benedito Jose de Morais, EMEB;29;9791354;TRAVESSA SANTOS DUMONT;FERRAZOPOLIS;FUND;DEFERIDO;DIFICULDADE DE ACESSO;1063,636364;600;1300
Benedito Jose de Morais, EMEB;29;9791063;TRAVESSA VILA NOVA;FERRAZOPOLIS;FUND;DEFERIDO;DIFICULDADE DE ACESSO;750;750;750
Betel, ASPAS  Ass Presbiteriana Ass Social  Creche;185;9791240;PASSAGEM DOS CAFEZAIS;MONTANHAO;CRECHE;DEFERIDO;DIFICULDADE DE ACESSO;1315,384615;1200;1500
Arlindo Miguel Teixeira, EMEB;25;9856100;RUA BEMTEVI;ALVARENGA;FUND;DEFERIDO;DISTÂNCIA MAIOR QUE 1500 METROS;1814,285714;1500;2000
Betel, ASPAS  Ass Presbiteriana Ass Social  Creche;185;9790408;RUA FLOR DE PRIMAVERA;FERRAZOPOLIS;CRECHE;DEFERIDO;DIFICULDADE DE ACESSO;890;850;950
Bosko Preradovic, EMEB;31;9853020;ESTRADA DO PONEY CLUB;ALVARENGA;FUND;DEFERIDO;DIFICULDADE DE ACESSO;1716,666667;450;2100
Bruno Massone, EMEB;32;9830050;RUA TAMIRIS;RIO GRANDE;FUND;DEFERIDO;DIFICULDADE DE ACESSO;1006,25;800;1100
Carolina Maria de Jesus, EMEB (Creche S Bernardo);222;9784220;RUA 25 DE DEZEMBRO;MONTANHAO;INF;DEFERIDO;DIFICULDADE DE ACESSO;470;450;500
Arlindo Miguel Teixeira, EMEB;25;9856190;RUA DA AGUIA;ALVARENGA;FUND;DEFERIDO;DISTÂNCIA MAIOR QUE 1500 METROS;1800;1500;2200
Arlindo Miguel Teixeira, EMEB;25;9856190;RUA DA AGUIA;JOAO DE BARRO;FUND;DEFERIDO;DISTÂNCIA MAIOR QUE 1500 METROS;1800;1500;2200
Carolina Maria de Jesus, EMEB (Creche S Bernardo);222;9784260;RUA ALTO DA BELA VISTA;MONTANHAO;INF;DEFERIDO;DIFICULDADE DE ACESSO;713,6363636;450;1100
Cecilia Oliveira Turbay, EMEB Profa.;41;9831740;RUA RIO GRANDE;RIO GRANDE;CRECHE;DEFERIDO;DIFICULDADE DE ACESSO;1235;750;1700
Cora Coralina, EMEB;46;9791250;ESTRADA DO MONTANHAO;MONTANHAO;INF;DEFERIDO;DIFICULDADE DE ACESSO;1100;1100;1100
Cora Coralina, EMEB;46;9791225;PASSAGEM DO SOSSEGO;MONTANHAO;INF;DEFERIDO;DIFICULDADE DE ACESSO;1274,193548;1100;1400
Cora Coralina, EMEB;46;9791240;PASSAGEM DOS CAFEZAIS;MONTANHAO;INF;DEFERIDO;DIFICULDADE DE ACESSO;1305,494505;1200;1800
Cora Coralina, EMEB;46;9791220;RUA ANITA GARIBALDI;MONTANHAO;INF;DEFERIDO;DIFICULDADE DE ACESSO;1542,465753;1200;9800
Cora Coralina, EMEB;46;9791800;RUA ERNESTO GASTALDO;MONTANHAO;INF;DEFERIDO;DIFICULDADE DE ACESSO;1142,857143;900;1300
Arlindo Miguel Teixeira, EMEB;25;9856480;RUA PIAUI;ALVARENGA;FUND;INDEFERIDO;DISTÂNCIA MENOR QUE 1500 METROS;968,75;800;1200
Arlindo Miguel Teixeira, EMEB;25;9856540;RUA CISNE;ALVARENGA;FUND;INDEFERIDO;DISTÂNCIA MENOR QUE 1500 METROS;680;600;750
Di Cavalcanti, EMEB;47;9782450;RUA YASMIN;FERRAZOPOLIS;INF;DEFERIDO;DIFICULDADE DE ACESSO;1383,333333;1300;1500
Dolores de Toledo de Matteo, EMEB;48;9762290;RUA EDSON DE QUEIROZ;INDUSTRIAL;CRECHE;DEFERIDO;DIFICULDADE DE ACESSO;1060;300;1900
Edson Danilo Dotto, EMEB;50;9791250;ESTRADA DO MONTANHAO;MONTANHAO;FUND;DEFERIDO;DIFICULDADE DE ACESSO;6600;6600;6600
Edson Danilo Dotto, EMEB;50;9791225;PASSAGEM DO SOSSEGO;MONTANHAO;FUND;DEFERIDO;DIFICULDADE DE ACESSO;1600;1600;1600
Edson Danilo Dotto, EMEB;50;9791240;PASSAGEM DOS CAFEZAIS;MONTANHAO;FUND;DEFERIDO;DIFICULDADE DE ACESSO;1335,384615;1200;1700
Edson Danilo Dotto, EMEB;50;9791257;PASSAGEM DOS CAFEZAIS;MONTANHAO;FUND;DEFERIDO;DIFICULDADE DE ACESSO;1325;1200;1500
Edson Danilo Dotto, EMEB;50;9791220;RUA ANITA GARIBALDI;MONTANHAO;FUND;DEFERIDO;DIFICULDADE DE ACESSO;1500;1500;1500
Edson Danilo Dotto, EMEB;50;9791800;RUA ERNESTO GASTALDO;MONTANHAO;FUND;DEFERIDO;DIFICULDADE DE ACESSO;1141,666667;1000;1200
Arlindo Miguel Teixeira, EMEB;25;9857110;RUA RIBEIRAO PIRES;ALVARENGA;FUND;DEFERIDO;DISTÂNCIA MAIOR QUE 1500 METROS;1585,714286;1500;1600
Erminia Paggi, EMEB Prof.;51;9784120;RUA 27 DE AGOSTO;MONTANHAO;FUND;DEFERIDO;DIFICULDADE DE ACESSO;913,6363636;700;1100
Arlindo Miguel Teixeira, EMEB;25;9857170;RUA BOA VIAGEM;ALVARENGA;FUND;DEFERIDO;DISTÂNCIA MAIOR QUE 1500 METROS;1646,153846;1500;1800
Arlindo Miguel Teixeira, EMEB;25;9857180;RUA ANGRA DOS REIS;ALVARENGA;FUND;DEFERIDO;DISTÂNCIA MAIOR QUE 1500 METROS;1571,428571;1500;1700
Erminia Paggi, EMEB Prof.;51;9780630;RUA ANA MARIA;MONTANHAO;FUND;DEFERIDO;DIFICULDADE DE ACESSO;777,2727273;650;850
Arlindo Miguel Teixeira, EMEB;25;9857290;RUA UNIDOS DOS QUIMICOS;ALVARENGA;FUND;DEFERIDO;DISTÂNCIA MAIOR QUE 1500 METROS;2266,666667;2100;2600
Arlindo Miguel Teixeira, EMEB;25;9857300;RUA DA EVOLUCAO;ALVARENGA;FUND;DEFERIDO;DISTÂNCIA MAIOR QUE 1500 METROS;2142,857143;1900;2400
Arlindo Miguel Teixeira, EMEB;25;9857310;RUA CORDILHEIRA DOS QUIMICOS;ALVARENGA;FUND;DEFERIDO;DISTÂNCIA MAIOR QUE 1500 METROS;2108,333333;2000;2400
Erminia Paggi, EMEB Prof.;51;9785080;RUA ANA ROSA;MONTANHAO;FUND;DEFERIDO;DIFICULDADE DE ACESSO;1100;1100;1100
Erminia Paggi, EMEB Prof.;51;9784115;RUA DA ARVORE;MONTANHAO;FUND;DEFERIDO;DIFICULDADE DE ACESSO;746,4285714;650;850
Erminia Paggi, EMEB Prof.;51;9784145;RUA DA COMUNIDADE;MONTANHAO;FUND;DEFERIDO;DIFICULDADE DE ACESSO;1012,5;1000;1100
Erminia Paggi, EMEB Prof.;51;9784050;RUA DO OLEODUTO;MONTANHAO;FUND;DEFERIDO;DIFICULDADE DE ACESSO;1142,857143;1000;1300
Erminia Paggi, EMEB Prof.;51;9784205;RUA PARANA;MONTANHAO;FUND;DEFERIDO;DIFICULDADE DE ACESSO;1366,666667;1300;1400
Erminia Paggi, EMEB Prof.;51;9784155;RUA UBIRAJARA;MONTANHAO;FUND;DEFERIDO;DIFICULDADE DE ACESSO;990;850;1200
Aureo Cruz, EMEB Prof.;27;9855650;RUA CARAMBOLA;ALVES DIAS;INF;DEFERIDO;DISTÂNCIA MAIOR QUE 1500 METROS;1682,352941;1600;1800
Benedito Jose de Morais, EMEB;29;9790395;RUA DO CONTORNO;FERRAZOPOLIS;FUND;INDEFERIDO;DISTÂNCIA MENOR QUE 1500 METROS;677,2727273;600;800
Erminia Paggi, EMEB Prof.;51;9784125;RUA VINTE E OITO DE AGOSTO;MONTANHAO;FUND;DEFERIDO;DIFICULDADE DE ACESSO;700;700;700
Euclides da Cunha, EMEB;52;9782120;RUA ANA JULIA LUIZ;MONTANHAO;INF;DEFERIDO;DIFICULDADE DE ACESSO;975;950;1000
Fernando Pessoa, EMEB;53;9853005;ESTRADA DO PONEY CLUB;ALVARENGA;INF;DEFERIDO;DIFICULDADE DE ACESSO;1275;300;1700
Benedito Jose de Morais, EMEB;29;9790710;RUA ARLINDO APARECIDO DA SILVA;MONTANHAO;FUND;INDEFERIDO;DISTÂNCIA MENOR QUE 1500 METROS;905,5555556;900;950
Fernando Pessoa, EMEB;53;9853020;ESTRADA DO PONEY CLUB;ALVARENGA;INF;DEFERIDO;DIFICULDADE DE ACESSO;1263,157895;1200;1400
Fernando Pessoa, EMEB;53;9853006;ESTRADA DO PONEY CLUB;ALVARENGA;INF;DEFERIDO;DIFICULDADE DE ACESSO;1162,5;100;1400
Francisco Beltran Batistini, EMEB;59;9857160;RUA BERTIOGA;ALVARENGA;INF;DEFERIDO;DIFICULDADE DE ACESSO;1263,636364;1200;1500
Francisco Beltran Batistini, EMEB;59;9857010;RUA DAS QUARESMEIRAS;ALVARENGA;INF;DEFERIDO;DIFICULDADE DE ACESSO;1200;1000;1400
Francisco Beltran Batistini, EMEB;59;9857015;RUA DOS PALMITAIS;ALVARENGA;INF;DEFERIDO;DIFICULDADE DE ACESSO;1140;950;1400
Francisco Beltran Batistini, EMEB;59;9857510;RUA JACARANDA;ALVARENGA;INF;DEFERIDO;DIFICULDADE DE ACESSO;1240;1200;1300
Francisco Beltran Batistini, EMEB;59;9857050;RUA NOVA ESPERANCA;ALVARENGA;INF;DEFERIDO;DIFICULDADE DE ACESSO;1153,333333;1000;1400
Francisco Beltran Batistini, EMEB;59;9854200;RUA PAULO LAZZURI;ALVARENGA;INF;DEFERIDO;DIFICULDADE DE ACESSO;598,2758621;450;1300
Francisco Beltran Batistini, EMEB;59;9854200;RUA PAULO LAZZURI;SITIO JOANINHA;INF;DEFERIDO;DIFICULDADE DE ACESSO;598,2758621;450;1300
Graciliano Ramos, EMEB;67;9831735;PASSAGEM TROPICAL;RIO GRANDE;INF;DEFERIDO;DIFICULDADE DE ACESSO;1175;1100;1400
Graciliano Ramos, EMEB;67;9831770;RUA JACIPORA;RIO GRANDE;INF;DEFERIDO;DIFICULDADE DE ACESSO;1125,675676;850;1300
Graciliano Ramos, EMEB;67;9830050;RUA TAMIRIS;RIO GRANDE;INF;DEFERIDO;DIFICULDADE DE ACESSO;535,7142857;500;600
Graciliano Ramos, EMEB;67;9831720;TRAVESSA VISTA ALEGRE;RIO GRANDE;INF;DEFERIDO;DIFICULDADE DE ACESSO;1106,25;1000;1200
Benedito Jose de Morais, EMEB;29;9791320;RUA JEQUITIBA ROSA;JARDIM  SILVINA;FUND;DEFERIDO;DISTÂNCIA MAIOR QUE 1500 METROS;1683,333333;1600;1800
Helena Zanfelici da Silva, EMEB;70;9831250;ESTRADA DO MORRO GRANDE;FINCO;FUND;DEFERIDO;DIFICULDADE DE ACESSO;875;450;1600
Helena Zanfelici da Silva, EMEB;70;9831250;ESTRADA DO MORRO GRANDE;FINCO;INF;DEFERIDO;DIFICULDADE DE ACESSO;875;450;1600
Helena Zanfelici da Silva, EMEB;70;9831735;PASSAGEM TROPICAL;RIO GRANDE;FUND;DEFERIDO;DIFICULDADE DE ACESSO;1140;900;1300
Helena Zanfelici da Silva, EMEB;70;9831420;RUA ANTONIO DEMARCHI GAIA;FINCO;FUND;DEFERIDO;DIFICULDADE DE ACESSO;1043,75;900;1200
Helena Zanfelici da Silva, EMEB;70;9831420;RUA ANTONIO DEMARCHI-GAIA;FINCO;INF;DEFERIDO;DIFICULDADE DE ACESSO;1071,428571;1000;1200
Helena Zanfelici da Silva, EMEB;70;9831450;RUA MARIA MAGDALENA VENZOL;FINCO;FUND;DEFERIDO;DIFICULDADE DE ACESSO;1195,238095;1000;1300
Helena Zanfelici da Silva, EMEB;70;9831450;RUA MARIA MAGDALENA VENZOL;FINCO;INF;DEFERIDO;DIFICULDADE DE ACESSO;1195,238095;1000;1300
Helena Zanfelici da Silva, EMEB;70;9830100;RUA RIO ACIMA;RIO GRANDE;FUND;DEFERIDO;DIFICULDADE DE ACESSO;1600;700;2500
Helena Zanfelici da Silva, EMEB;70;9831740;RUA RIO GRANDE;RIO GRANDE;FUND;DEFERIDO;DIFICULDADE DE ACESSO;837,5;600;1100
Helena Zanfelici da Silva, EMEB;70;9831740;RUA RIO GRANDE;RIO GRANDE;INF;DEFERIDO;DIFICULDADE DE ACESSO;837,5;600;1100
Helena Zanfelici da Silva, EMEB;70;9831740;RUA RIO GRANDE;RIO GRANDE;FUND;DEFERIDO;DIFICULDADE DE ACESSO;837,5;600;1100
Hilda Batazoli Teixeira, EMEB Profa (antiga Riacho Grande);217;9831770;RUA JACIPORA;RIO GRANDE;CRECHE;DEFERIDO;DIFICULDADE DE ACESSO;685;600;750
Hilda Batazoli Teixeira, EMEB Profa (antiga Riacho Grande);217;9831740;RUA RIO GRANDE;RIO GRANDE;CRECHE;DEFERIDO;DIFICULDADE DE ACESSO;1244,444444;800;1600
Hilda Batazoli Teixeira, EMEB Profa (antiga Riacho Grande);217;9831720;TRAVESSA VISTA ALEGRE;RIO GRANDE;CRECHE;DEFERIDO;DIFICULDADE DE ACESSO;785,7142857;750;850
Hygino Baptista de Lima, EMEB;71;9781600;RUA ALBERTO BENECASA;FERRAZOPOLIS;INF;DEFERIDO;DIFICULDADE DE ACESSO;968,1818182;850;1200
Isidoro Battistin, EMEB;72;9842025;AVENIDA DOMINGOS POTOMATI;BATISTINI;FUND;DEFERIDO;DIFICULDADE DE ACESSO;1183,333333;850;1400
Isidoro Battistin, EMEB;72;9842080;ESTRADA GALVAO BUENO;BATISTINI;FUND;DEFERIDO;DIFICULDADE DE ACESSO;2135,714286;300;4400
Isidoro Battistin, EMEB;72;9842095;RUA SERVIDAO PARTICULAR;BATISTINI;FUND;DEFERIDO;DIFICULDADE DE ACESSO;1038,888889;850;1500
Isidoro Battistin, EMEB;72;9844070;RUA VENUS;BATISTINI;FUND;DEFERIDO;DIFICULDADE DE ACESSO;1228,571429;1100;1300
Bosko Preradovic, EMEB;31;9853100;RUA DOS JAPONESES;ALVARENGA;FUND;DEFERIDO;DISTÂNCIA MAIOR QUE 1500 METROS;1562,5;1500;1600
Janete Mally Betti Simoes, EMEB Profa.;77;9171685;AVENIDA SAO TOMAS MOURO;DOS VIANAS;FUND;DEFERIDO;DIFICULDADE DE ACESSO;800;800;800
Bosko Preradovic, EMEB;31;9854300;RUA ANDRE FRANCO MONTORO;ALVARENGA;FUND;INDEFERIDO;DISTÂNCIA MENOR QUE 1500 METROS;1180;1000;1400
Janete Mally Betti Simoes, EMEB Profa.;77;9765430;RUA 13 DE MARCO;MONTANHAO;FUND;DEFERIDO;DIFICULDADE DE ACESSO;717,8571429;650;850
Janete Mally Betti Simoes, EMEB Profa.;77;9784220;RUA 25 DE DEZEMBRO;MONTANHAO;FUND;DEFERIDO;DIFICULDADE DE ACESSO;987,5;900;1100
Bruno Massone, EMEB;32;9832000;RUA ALVARO DA SILVA MADEIRA;VARGINHA;FUND;DEFERIDO;DISTÂNCIA MAIOR QUE 1500 METROS;3516,666667;2500;6800
Bruno Massone, EMEB;32;9832100;ESTRADA COCAIA;VARGINHA;FUND;DEFERIDO;DISTÂNCIA MAIOR QUE 1500 METROS;3166,666667;3100;3300
Bruno Massone, EMEB;32;9832174;RUA QUITERIA ANA LEITE DA SILVA;RIO GRANDE;FUND;DEFERIDO;DISTÂNCIA MAIOR QUE 1500 METROS;3375;3100;3500
Bruno Massone, EMEB;32;9832174;RUA QUITERIA ANA LEITE DA SILVA;RIO GRANDE;FUND;DEFERIDO;DISTÂNCIA MAIOR QUE 1500 METROS;3375;3100;3500
Bruno Massone, EMEB;32;9832183;RUA DIRCEU CONTARDI;RIO GRANDE;FUND;DEFERIDO;DISTÂNCIA MAIOR QUE 1500 METROS;3300;3300;3300
Carmen Tabet De Oliveira, EMEB Profa.;36;9830100;ESTRADA DO RIO ACIMA;RIO GRANDE;FUND;DEFERIDO;ÁREA RURAL;4300;4300;4300
Carmen Tabet De Oliveira, EMEB Profa.;36;9830100;RUA RIO ACIMA;RIO GRANDE;FUND;DEFERIDO;ÁREA RURAL;3975;2400;5300
Carmen Tabet De Oliveira, EMEB Profa.;36;9830255;RUA RIO ACIMA;CAPIVARI;FUND;DEFERIDO;ÁREA RURAL;3014,285714;2400;3700
Carmen Tabet De Oliveira, EMEB Profa.;36;9830255;RUA RIO ACIMA;RIO GRANDE;FUND;DEFERIDO;ÁREA RURAL;3014,285714;2400;3700
Carmen Tabet De Oliveira, EMEB Profa.;36;9831465;ESTRADA DO RIO ACIMA;FINCO;FUND;DEFERIDO;ÁREA RURAL;4700;4700;4700
Carmen Tabet De Oliveira, EMEB Profa.;36;9835490;RUA ANTONIO DA SILVA COSTA;CAPIVARI;FUND;DEFERIDO;ÁREA RURAL;4100;4100;4100
Carmen Tabet De Oliveira, EMEB Profa.;36;9835495;ESTRADA DO RIO ACIMA;CAPIVARI;FUND;DEFERIDO;ÁREA RURAL;3466,666667;2000;5000
Carmen Tabet De Oliveira, EMEB Profa.;36;9835499;ESTRADA DO RIO ACIMA;CAPIVARI;FUND;DEFERIDO;ÁREA RURAL;3280;2600;4300
Carmen Tabet De Oliveira, EMEB Profa.;36;9835559;RUA FLORIANO ALVES DA SILVA;SANTA CRUZ;FUND;DEFERIDO;ÁREA RURAL;6425;6100;6600
Carmen Tabet De Oliveira, EMEB Profa.;36;9835577;ESTRADA DO RIO ACIMA;CAPIVARI;FUND;DEFERIDO;ÁREA RURAL;3250;2000;4500
Carmen Tabet De Oliveira, EMEB Profa.;36;9837150;ESTRADA ERNESTO ZABEU;TATETOS;FUND;DEFERIDO;ÁREA RURAL;1338,888889;500;3500
Carmen Tabet De Oliveira, EMEB Profa.;36;9837160;RUA GENEROSO BARBOSA;TATETOS;FUND;DEFERIDO;ÁREA RURAL;900;750;1100
Carmen Tabet De Oliveira, EMEB Profa.;36;9837165;RUA DOMINGOS MENDES PEREIRA;TATETOS;FUND;DEFERIDO;ÁREA RURAL;750;600;900
Carmen Tabet De Oliveira, EMEB Profa.;36;9837185;R MARIO NOVAK;TATETOS;FUND;DEFERIDO;ÁREA RURAL;1200;1200;1200
Carmen Tabet De Oliveira, EMEB Profa.;36;9837215;RUA HILDA MARTHA DO PRADO DE OLIVEIRA;TATETOS;FUND;DEFERIDO;ÁREA RURAL;585;550;800
Carmen Tabet De Oliveira, EMEB Profa.;36;9837230;RUA ROQUE PELISSARI;TATETOS;FUND;DEFERIDO;ÁREA RURAL;1313,333333;800;1500
Carmen Tabet De Oliveira, EMEB Profa.;36;9837230;RUA ROQUE PELISSARI;TATETOS;FUND;DEFERIDO;ÁREA RURAL;1313,333333;800;1500
Carmen Tabet De Oliveira, EMEB Profa.;36;9837245;RUA BENEDITO CIPRIANO DE MORAES;TATETOS;FUND;DEFERIDO;ÁREA RURAL;1094,545455;830;1300
Carmen Tabet De Oliveira, EMEB Profa.;36;9837250;ESTRADA ERNESTO ZABEU;TATETOS;FUND;DEFERIDO;ÁREA RURAL;1675;650;2600
Carmen Tabet De Oliveira, EMEB Profa.;36;9837300;RUA RIO CANOAS;TATETOS;FUND;DEFERIDO;ÁREA RURAL;1900;1800;2000
Carmen Tabet De Oliveira, EMEB Profa.;36;9837350;ESTRADA ERNESTO ZABEU;TATETOS;FUND;DEFERIDO;ÁREA RURAL;2350;500;3500
Carmen Tabet De Oliveira, EMEB Profa.;36;9837400;ESTRADA ARACARI;TATETOS;FUND;DEFERIDO;ÁREA RURAL;2260;2100;2400
Carmen Tabet De Oliveira, EMEB Profa.;36;9837410;RUA MURIQUI;TATETOS;FUND;DEFERIDO;ÁREA RURAL;1125;900;1200
Carmen Tabet De Oliveira, EMEB Profa.;36;9837415;RUA SAGUI DA SERRA;TATETOS;FUND;DEFERIDO;ÁREA RURAL;1400;1100;1700
Carmen Tabet De Oliveira, EMEB Profa.;36;9837425;RUA CARCARA;TATETOS;FUND;DEFERIDO;ÁREA RURAL;4800;1500;8100
Carmen Tabet De Oliveira, EMEB Profa.;36;9837445;ESTRADA TAMANDUA BANDEIRA;TATETOS;FUND;DEFERIDO;ÁREA RURAL;2200;1900;2600
Carmen Tabet De Oliveira, EMEB Profa.;36;9837450;ESTRADA ARACARI;TATETOS;FUND;DEFERIDO;ÁREA RURAL;2016,666667;1700;2500
Carmen Tabet De Oliveira, EMEB Profa.;36;9837455;ESTRADA TAMANDUA BANDEIRA;TATETOS;FUND;DEFERIDO;ÁREA RURAL;2150;2000;2300
Carmen Tabet De Oliveira, EMEB Profa.;36;9837455;RUA PAVO;TATETOS;FUND;DEFERIDO;ÁREA RURAL;2000;2000;2000
Carmen Tabet De Oliveira, EMEB Profa.;36;9837465;RUA SUCUARANA;TATETOS;FUND;DEFERIDO;ÁREA RURAL;2400;2400;2400
Carmen Tabet De Oliveira, EMEB Profa.;36;9837480;ESTRADA ARACARI;TATETOS;FUND;DEFERIDO;ÁREA RURAL;2883,333333;1800;8100
Carmen Tabet De Oliveira, EMEB Profa.;36;9837480;ESTRADA TAMANDUA BANDEIRA;TATETOS;FUND;DEFERIDO;ÁREA RURAL;2433,333333;2300;2700
Carmen Tabet De Oliveira, EMEB Profa.;36;9837650;ESTRADA ERNESTO ZABEU;TATETOS;FUND;DEFERIDO;ÁREA RURAL;2200;600;3500
Carmen Tabet De Oliveira, EMEB Profa.;36;9838050;RUA DO PEIXE;CAPIVARI;FUND;DEFERIDO;ÁREA RURAL;4466,666667;4300;4600
Carmen Tabet De Oliveira, EMEB Profa.;36;9838060;RUA CARLOS WALL;CAPIVARI;FUND;DEFERIDO;ÁREA RURAL;4200;4100;4300
Janete Mally Betti Simoes, EMEB Profa.;77;9765680;RUA 9 DE SETEMBRO;MONTANHAO;FUND;DEFERIDO;DIFICULDADE DE ACESSO;791,6666667;750;800
Carmen Tabet De Oliveira, EMEB Profa.;36;9838150;ESTRADA DO PAPAGAIO;CAPIVARI;FUND;DEFERIDO;ÁREA RURAL;2900;1500;3600
Carmen Tabet De Oliveira, EMEB Profa.;36;9838153;RUA PEDRA HESSEL;CAPIVARI;FUND;DEFERIDO;ÁREA RURAL;2850;1500;3500
Carmen Tabet De Oliveira, EMEB Profa.;36;9838159;RUA ADELINO SANTOS;CAPIVARI;FUND;DEFERIDO;ÁREA RURAL;2500;2400;2600
Carmen Tabet De Oliveira, EMEB Profa.;36;9838165;RUA AMARO SANTOS;CAPIVARI;FUND;DEFERIDO;ÁREA RURAL;2433,333333;1500;3500
Carmen Tabet De Oliveira, EMEB Profa.;36;9838300;ESTRADA CAPIVARI;CAPIVARI;FUND;DEFERIDO;ÁREA RURAL;4755,555556;1700;6200
Carmen Tabet De Oliveira, EMEB Profa.;36;9838300;ESTRADA CAPIVARI;TATETOS;FUND;DEFERIDO;ÁREA RURAL;4755,555556;1700;6200
Carmen Tabet De Oliveira, EMEB Profa.;36;9837327;RUA RIO TAMBAU;TATETOS;FUND;DEFERIDO;ÁREA RURAL;8100;8100;8100
Carmen Tabet De Oliveira, EMEB Profa.;36;9838060;RUA CARLOS WALL;CAPIVARI;FUND;DEFERIDO;ÁREA RURAL;4100;4100;4100
Cecilia Oliveira Turbay, EMEB Profa.;41;9792220;RUA BOTUJURU;MONTANHAO;CRECHE;DEFERIDO;DISTÂNCIA MAIOR QUE 1500 METROS;7122,222222;4700;11700
Cecilia Oliveira Turbay, EMEB Profa.;41;9792400;RUA CRUZEIRO;MONTANHAO;CRECHE;DEFERIDO;DISTÂNCIA MAIOR QUE 1500 METROS;3600;3600;3600
Cecilia Oliveira Turbay, EMEB Profa.;41;9822030;ESTRADA DO VERGUEIRO;BOTUJURU;CRECHE;DEFERIDO;DISTÂNCIA MAIOR QUE 1500 METROS;3910;3000;4900
Janete Mally Betti Simoes, EMEB Profa.;77;9784240;RUA AIRTON SENNA;MONTANHAO;FUND;DEFERIDO;DIFICULDADE DE ACESSO;800;800;800
Janete Mally Betti Simoes, EMEB Profa.;77;9784260;RUA ALTO DA BELA VISTA;MONTANHAO;FUND;DEFERIDO;DIFICULDADE DE ACESSO;1800;1100;2500
Janete Mally Betti Simoes, EMEB Profa.;77;9784260;RUA ALTO DA BELA VISTA;VILA SAO PEDRO;FUND;DEFERIDO;DIFICULDADE DE ACESSO;1800;1100;2500
Janete Mally Betti Simoes, EMEB Profa.;77;9765335;RUA ANTONIO GERONIMO DE FREITAS;MONTANHAO;FUND;DEFERIDO;DIFICULDADE DE ACESSO;600;600;600
Cecilia Oliveira Turbay, EMEB Profa.;41;9832174;RUA QUITERIA ANA LEITE DA SILVA;RIO GRANDE;CRECHE;DEFERIDO;DISTÂNCIA MAIOR QUE 1500 METROS;4550;4400;4700
Cleia Maria Teures de Souza, EMEB;44;9854690;RUA PAU BRASIL;ALVARENGA;INF;DEFERIDO;DISTÂNCIA MAIOR QUE 1500 METROS;2537,5;2500;2600
Janete Mally Betti Simoes, EMEB Profa.;77;9784247;RUA ARIZONA;MONTANHAO;FUND;DEFERIDO;DIFICULDADE DE ACESSO;900;900;900
Janete Mally Betti Simoes, EMEB Profa.;77;9785060;RUA BENFICA;MONTANHAO;FUND;DEFERIDO;DIFICULDADE DE ACESSO;1200;1000;1500
Janete Mally Betti Simoes, EMEB Profa.;77;9784225;RUA BRAGANCA;MONTANHAO;FUND;DEFERIDO;DIFICULDADE DE ACESSO;1450;1000;1900
Janete Mally Betti Simoes, EMEB Profa.;77;9784245;RUA DA PAISAGEM;MONTANHAO;FUND;DEFERIDO;DIFICULDADE DE ACESSO;950;950;950
Janete Mally Betti Simoes, EMEB Profa.;77;9785150;RUA DO SOL;MONTANHAO;FUND;DEFERIDO;DIFICULDADE DE ACESSO;1116,666667;900;1500
Janete Mally Betti Simoes, EMEB Profa.;77;9762290;RUA EDSON DE QUEIROZ;INDUSTRIAL;FUND;DEFERIDO;DIFICULDADE DE ACESSO;800;800;800
Janete Mally Betti Simoes, EMEB Profa.;77;9784255;RUA ESPERANCA;MONTANHAO;FUND;DEFERIDO;DIFICULDADE DE ACESSO;950;800;1100
Janete Mally Betti Simoes, EMEB Profa.;77;9765400;RUA MARIA RODRIGUES FERREIRA;MONTANHAO;FUND;DEFERIDO;DIFICULDADE DE ACESSO;775;700;850
Janete Mally Betti Simoes, EMEB Profa.;77;9761260;RUA NOVO HORIZONTE;INDUSTRIAL;FUND;DEFERIDO;DIFICULDADE DE ACESSO;850;850;850
Janete Mally Betti Simoes, EMEB Profa.;77;9785210;RUA NOVO HORIZONTE;MONTANHAO;FUND;DEFERIDO;DIFICULDADE DE ACESSO;808,3333333;750;900
Janete Mally Betti Simoes, EMEB Profa.;77;9784190;RUA QUINZE DE NOVEMBRO;MONTANHAO;FUND;DEFERIDO;DIFICULDADE DE ACESSO;950;950;950
Janete Mally Betti Simoes, EMEB Profa.;77;9171688;RUA SANTOS DIAS DA SILVA;DOS VIANAS;FUND;DEFERIDO;DIFICULDADE DE ACESSO;841,6666667;700;1100
Janete Mally Betti Simoes, EMEB Profa.;77;9765320;RUA VALDOMIRO RODRIGUES;MONTANHAO;FUND;DEFERIDO;DIFICULDADE DE ACESSO;593,75;500;750
Janete Mally Betti Simoes, EMEB Profa.;77;9784215;RUA VINTE E SEIS DE MARCO;MONTANHAO;FUND;DEFERIDO;DIFICULDADE DE ACESSO;850;850;850
Janete Mally Betti Simoes, EMEB Profa.;77;9784215;RUA VINTE E SEIS DE MARCO;VILA SAO PEDRO;FUND;DEFERIDO;DIFICULDADE DE ACESSO;850;850;850
Jose Augusto Oliveira Santos, EMEB;80;9853005;ESTRADA DO PONEY CLUB;ALVARENGA;CRECHE;DEFERIDO;DIFICULDADE DE ACESSO;1528,571429;1000;4000
Jose Luiz Juca, EMEB;88;9782120;RUA ANA JULIA LUIZ;MONTANHAO;FUND;DEFERIDO;DIFICULDADE DE ACESSO;770;700;900
Jose Luiz Juca, EMEB;88;9783650;RUA ATITUDE;MONTANHAO;FUND;DEFERIDO;DIFICULDADE DE ACESSO;1816,666667;800;3800
Jose Luiz Juca, EMEB;88;9783610;RUA DA EDUCACAO;MONTANHAO;FUND;DEFERIDO;DIFICULDADE DE ACESSO;959,5238095;550;1300
Jose Luiz Juca, EMEB;88;9783610;RUA DA EDUCACAO;VILA ESPERANCA;FUND;DEFERIDO;DIFICULDADE DE ACESSO;959,5238095;550;1300
Karolina Zofia Lewandowska, EMEB;141;9842100;ESTRADA DA CAMA PATENTE;ALVARENGA;FUND;DEFERIDO;DIFICULDADE DE ACESSO;991,6666667;800;1100
Karolina Zofia Lewandowska, EMEB;141;9853005;ESTRADA DO PONEY CLUB;ALVARENGA;FUND;DEFERIDO;DIFICULDADE DE ACESSO;1025;500;1800
Karolina Zofia Lewandowska, EMEB;141;9853020;ESTRADA DO PONEY CLUB;ALVARENGA;FUND;DEFERIDO;DIFICULDADE DE ACESSO;854,5454545;700;1600
Erminia Paggi, EMEB Prof.;51;9784105;AVENIDA AMAZONAS;MONTANHAO;FUND;INDEFERIDO;DISTÂNCIA MENOR QUE 1500 METROS;731,25;450;1000
Karolina Zofia Lewandowska, EMEB;141;9850550;ESTRADA DOS ALVARENGAS;ALVARENGA;FUND;DEFERIDO;DIFICULDADE DE ACESSO;2142,105263;800;5900
Karolina Zofia Lewandowska, EMEB;141;9847390;NOVA ALIANCA RUA;ALVARENGA;FUND;DEFERIDO;DIFICULDADE DE ACESSO;1000;1000;1000
Karolina Zofia Lewandowska, EMEB;141;9847335;RUA 2 DE JULHO;ALVARENGA;FUND;DEFERIDO;DIFICULDADE DE ACESSO;1079,166667;950;1200
Karolina Zofia Lewandowska, EMEB;141;9847335;RUA 2 DE JULHO;JARDIM DAS OLIVEIRAS;FUND;DEFERIDO;DIFICULDADE DE ACESSO;1079,166667;950;1200
Karolina Zofia Lewandowska, EMEB;141;9842115;RUA DAS PAINEIRAS;ALVARENGA;FUND;DEFERIDO;DIFICULDADE DE ACESSO;736,6666667;650;800
Karolina Zofia Lewandowska, EMEB;141;9854700;RUA DAS PAINEIRAS;ALVARENGA;FUND;DEFERIDO;DIFICULDADE DE ACESSO;730;700;750
Karolina Zofia Lewandowska, EMEB;141;9847335;RUA DOIS DE JULHO;JARDIM DAS OLIVEIRAS;FUND;DEFERIDO;DIFICULDADE DE ACESSO;1033,333333;1000;1100
Karolina Zofia Lewandowska, EMEB;141;9847338;RUA DOS GRAMADOS;ALVARENGA;FUND;DEFERIDO;DIFICULDADE DE ACESSO;992,3076923;850;1200
Karolina Zofia Lewandowska, EMEB;141;9847338;RUA DOS GRAMADOS;JARDIM DAS OLIVEIRAS;FUND;DEFERIDO;DIFICULDADE DE ACESSO;992,3076923;850;1200
Karolina Zofia Lewandowska, EMEB;141;9847330;RUA MANOEL NUNES DA SILVA;ALVARENGA;FUND;DEFERIDO;DIFICULDADE DE ACESSO;903,3333333;850;950
Karolina Zofia Lewandowska, EMEB;141;9847330;RUA MANOEL NUNES DA SILVA;ALVARENGA;INF;DEFERIDO;DIFICULDADE DE ACESSO;903,3333333;850;950
Erminia Paggi, EMEB Prof.;51;9784295;RUA MONTE DAS OLIVEIRAS;MONTANHAO;FUND;DEFERIDO;DISTÂNCIA MAIOR QUE 1500 METROS;1814,285714;1700;1900
Erminia Paggi, EMEB Prof.;51;9784385;RUA BUENO VILELA;MONTANHAO;FUND;DEFERIDO;DISTÂNCIA MAIOR QUE 1500 METROS;1516,666667;1500;1600
Erminia Paggi, EMEB Prof.;51;9784385;RUA BUENO VILELA;VILA SAO PEDRO;FUND;DEFERIDO;DISTÂNCIA MAIOR QUE 1500 METROS;1516,666667;1500;1600
Erminia Paggi, EMEB Prof.;51;9784490;RUA CENTRAL;MONTANHAO;FUND;DEFERIDO;DISTÂNCIA MAIOR QUE 1500 METROS;1900;1700;2100
Karolina Zofia Lewandowska, EMEB;141;9847300;RUA NOVA PATENTE;ALVARENGA;FUND;DEFERIDO;DIFICULDADE DE ACESSO;931,25;750;1100
Marcelo Peres Ribeiro, EMEB;54;9852040;ESTRADA PARTICULAR EIJI KIKUTI;COOPERATIVA;CRECHE;INDEFERIDO;DISTÂNCIA MENOR QUE 1500 METROS;1342,857143;1200;1400
Karolina Zofia Lewandowska, EMEB;141;9847380;RUA NOVA TERRA;ALVARENGA;FUND;DEFERIDO;DIFICULDADE DE ACESSO;918,75;900;950
Karolina Zofia Lewandowska, EMEB;141;9847420;RUA NOVA VIDA;ALVARENGA;FUND;DEFERIDO;DIFICULDADE DE ACESSO;1060;900;1200
Karolina Zofia Lewandowska, EMEB;141;9847305;RUA PORTO FELIZ;JARDIM DAS OLIVEIRAS;FUND;DEFERIDO;DIFICULDADE DE ACESSO;950;800;1000
Karolina Zofia Lewandowska, EMEB;141;9847315;RUA POUSO ALEGRE;ALVARENGA;FUND;DEFERIDO;DIFICULDADE DE ACESSO;1018,181818;0;1500
Manoel de Barros (Creche Represa);221;9843730;RUA PARAIBA;BATISTINI;CRECHE;DEFERIDO;DIFICULDADE DE ACESSO;1400;1200;1600
Marcelo Roberto Dias, EMEB;106;9842095;RUA SERVIDAO PARTICULAR;BATISTINI;INF;DEFERIDO;DIFICULDADE DE ACESSO;1161,764706;900;1600
Francisco Beltran Batistini, EMEB;59;9857140;RUA SAO BERNARDO DO CAMPO;ALVARENGA;INF;DEFERIDO;DISTÂNCIA MAIOR QUE 1500 METROS;1571,428571;1500;1600
Francisco Beltran Batistini, EMEB;59;9857300;RUA DA EVOLUCAO;ALVARENGA;INF;DEFERIDO;DISTÂNCIA MAIOR QUE 1500 METROS;1900;1700;2100
Graciliano Ramos, EMEB;67;9832171;RUA PEDRO JOSE DE CARVALHO;RIO GRANDE;INF;DEFERIDO;DISTÂNCIA MAIOR QUE 1500 METROS;4350;4200;4900
Graciliano Ramos, EMEB;67;9832440;RUA MAFRA;RIO GRANDE;INF;DEFERIDO;DISTÂNCIA MAIOR QUE 1500 METROS;1875;1700;2100
Helena Zanfelici da Silva, EMEB;70;9831120;RUA ROSA INEZ BRUNI PINCHIARO;FINCO;FUND;DEFERIDO;DISTÂNCIA MAIOR QUE 1500 METROS;1880;1600;2000
Helena Zanfelici da Silva, EMEB;70;9831123;RUA LA PAZ;FINCO;FUND;DEFERIDO;DISTÂNCIA MAIOR QUE 1500 METROS;1866,666667;1700;1900
Helena Zanfelici da Silva, EMEB;70;9831150;RUA PADRE BENTO DIAS PACHECO;FINCO;FUND;DEFERIDO;DISTÂNCIA MAIOR QUE 1500 METROS;1800;1800;1800
Helena Zanfelici da Silva, EMEB;70;9831190;RUA MARIO PAULO AUTUORI;FINCO;FUND;DEFERIDO;DISTÂNCIA MAIOR QUE 1500 METROS;2188,888889;1800;2700
Helena Zanfelici da Silva, EMEB;70;9831190;RUA MARIO PAULO AUTUORI;FINCO;INF;DEFERIDO;DISTÂNCIA MAIOR QUE 1500 METROS;2188,888889;1800;2700
Marcelo Roberto Dias, EMEB;106;9842095;RUA SERVIDAO PARTICULAR;BATISTINI;CRECHE;DEFERIDO;DIFICULDADE DE ACESSO;1161,764706;900;1600
Marcos Jose Ribeiro, Creche (Ferrazopolis I);218;9720270;RUA DE PINEDO;CENTRO;INF;DEFERIDO;DIFICULDADE DE ACESSO;1006,666667;950;1100
Maria Therezinha Besana, EMEB Profa.;115;9784215;RUA VINTE E SEIS DE MARCO;MONTANHAO;FUND;DEFERIDO;DIFICULDADE DE ACESSO;0;0;0
Mariana Benvinda da Costa, EMEB;116;9782510;RUA MANOEL VITALDO CARMO;FERRAZOPOLIS;INF;DEFERIDO;DIFICULDADE DE ACESSO;837,5;750;950
Italo Damiani, EMEB;73;9830255;RUA RIO ACIMA;RIO GRANDE;FUND;DEFERIDO;ÁREA RURAL;5366,666667;4100;7800
Italo Damiani, EMEB;73;9835100;ESTRADA AGUA LIMPA;CURUCUTU;FUND;DEFERIDO;ÁREA RURAL;3800;2900;4700
Italo Damiani, EMEB;73;9835495;ESTRADA DO RIO ACIMA;CAPIVARI;FUND;DEFERIDO;ÁREA RURAL;9350;9100;9600
Italo Damiani, EMEB;73;9835530;ESTRADA ALICE PEREIRA DE SOUZA;SANTA CRUZ;FUND;DEFERIDO;ÁREA RURAL;3800;2200;7900
Italo Damiani, EMEB;73;9835555;RUA HUGO VIEIRA PINTO;SANTA CRUZ;FUND;DEFERIDO;ÁREA RURAL;3900;3500;4200
Italo Damiani, EMEB;73;9835559;RUA FLORIANO ALVES DA SILVA;SANTA CRUZ;FUND;DEFERIDO;ÁREA RURAL;3935,294118;3100;4300
Italo Damiani, EMEB;73;9835565;RUA MARINALVA ALMEIDA DOS SANTOS;SANTA CRUZ;FUND;DEFERIDO;ÁREA RURAL;3062,5;750;3900
Italo Damiani, EMEB;73;9835577;ESTRADA DO RIO ACIMA;SANTA CRUZ;FUND;DEFERIDO;ÁREA RURAL;4129,166667;3300;7400
Italo Damiani, EMEB;73;9835700;ESTRADA DO MATARAZZO;CURUCUTU;FUND;DEFERIDO;ÁREA RURAL;4300;4100;4600
Italo Damiani, EMEB;73;9836100;ESTRADA TAQUACETUBA;TAQUACETUBA;FUND;DEFERIDO;ÁREA RURAL;2267,045455;100;7800
Italo Damiani, EMEB;73;9836120;RUA SAPOTI;TAQUACETUBA;FUND;DEFERIDO;ÁREA RURAL;7800;7800;7800
Italo Damiani, EMEB;73;9836250;ESTRADA TAQUACETUBA;TAQUACETUBA;FUND;DEFERIDO;ÁREA RURAL;2091,666667;800;3200
Italo Damiani, EMEB;73;9836270;ESTRADA MANDACARU;TAQUACETUBA;FUND;DEFERIDO;ÁREA RURAL;2200;2200;2200
Italo Damiani, EMEB;73;9836340;ESTRADA SIBIPIRUNA;TAQUACETUBA;FUND;DEFERIDO;ÁREA RURAL;525;350;700
Italo Damiani, EMEB;73;9836530;RUA ARTEMISIA;TAQUACETUBA;FUND;DEFERIDO;ÁREA RURAL;1800;1800;1800
Italo Damiani, EMEB;73;9836570;RUA CAMOMILA;TAQUACETUBA;FUND;DEFERIDO;ÁREA RURAL;2657,142857;1300;7000
Italo Damiani, EMEB;73;9836580;RUA CAVIUNA;TAQUACETUBA;FUND;DEFERIDO;ÁREA RURAL;1076,666667;30;1800
Italo Damiani, EMEB;73;9838390;ESTRADA CAPIVARI;CAPIVARI;FUND;DEFERIDO;ÁREA RURAL;6700;6700;6700
Italo Damiani, EMEB;73;9835577;ESTRADA DO RIO ACIMA;SANTA CRUZ;FUND;DEFERIDO;ÁREA RURAL;3800;3800;3800
Italo Damiani, EMEB;73;9835600;ESTRADA DO RIO ACIMA;CURUCUTU;FUND;DEFERIDO;ÁREA RURAL;3400;3400;3400
Italo Damiani, EMEB;73;9835700;ESTRADA DO MATARAZZO;CURUCUTU;FUND;DEFERIDO;ÁREA RURAL;5400;4300;6500
Italo Damiani, EMEB;73;9836250;ESTRADA TAQUACETUBA;TAQUACETUBA;FUND;DEFERIDO;ÁREA RURAL;2700;2700;2700
Italo Damiani, EMEB;73;9836270;ESTRADA MANDACARU;TAQUACETUBA;FUND;DEFERIDO;ÁREA RURAL;1600;1600;1600
Ivaneide Nogueira, EMEB Profa.;74;9830100;RUA RIO ACIMA;RIO GRANDE;INF;DEFERIDO;ÁREA RURAL;3525;400;7400
Ivaneide Nogueira, EMEB Profa.;74;9830255;RUA RIO ACIMA;CAPIVARI;INF;DEFERIDO;ÁREA RURAL;7133,333333;6600;7400
Ivaneide Nogueira, EMEB Profa.;74;9830255;RUA RIO ACIMA;RIO GRANDE;INF;DEFERIDO;ÁREA RURAL;7133,333333;6600;7400
Ivaneide Nogueira, EMEB Profa.;74;9835100;ESTRADA AGUA LIMPA;CURUCUTU;INF;DEFERIDO;ÁREA RURAL;2297,058824;950;3900
Ivaneide Nogueira, EMEB Profa.;74;9835125;ESTRADA DO RIO ACIMA;CURUCUTU;INF;DEFERIDO;ÁREA RURAL;1066,666667;850;1500
Ivaneide Nogueira, EMEB Profa.;74;9835495;ESTRADA DO RIO ACIMA;CAPIVARI;INF;DEFERIDO;ÁREA RURAL;4968,571429;200;7400
Ivaneide Nogueira, EMEB Profa.;74;9835499;ESTRADA DO RIO ACIMA;CAPIVARI;INF;DEFERIDO;ÁREA RURAL;3728,571429;1000;7400
Ivaneide Nogueira, EMEB Profa.;74;9835530;ESTRADA ALICE PEREIRA DE SOUZA;SANTA CRUZ;INF;DEFERIDO;ÁREA RURAL;1666,666667;1600;1700
Ivaneide Nogueira, EMEB Profa.;74;9835565;RUA MARINALVA ALMEIDA DOS SANTOS;SANTA CRUZ;INF;DEFERIDO;ÁREA RURAL;558,3333333;200;750
Ivaneide Nogueira, EMEB Profa.;74;9835577;ESTRADA DO RIO ACIMA;CAPIVARI;INF;DEFERIDO;ÁREA RURAL;4200;2400;5100
Ivaneide Nogueira, EMEB Profa.;74;9835577;ESTRADA DO RIO ACIMA;SANTA CRUZ;INF;DEFERIDO;ÁREA RURAL;4200;2400;5100
Ivaneide Nogueira, EMEB Profa.;74;9835600;ESTRADA DO RIO ACIMA;CURUCUTU;INF;DEFERIDO;ÁREA RURAL;725;300;1800
Ivaneide Nogueira, EMEB Profa.;74;9835700;ESTRADA DO MATARAZZO;CURUCUTU;INF;DEFERIDO;ÁREA RURAL;1086,666667;500;3100
Ivaneide Nogueira, EMEB Profa.;74;9836100;ESTRADA TAQUACETUBA;TAQUACETUBA;INF;DEFERIDO;ÁREA RURAL;4100;2400;6800
Ivaneide Nogueira, EMEB Profa.;74;9836150;RUA AMARANTO;TAQUACETUBA;INF;DEFERIDO;ÁREA RURAL;2833,333333;2700;3000
Ivaneide Nogueira, EMEB Profa.;74;9836180;RUA TARUMA;TAQUACETUBA;INF;DEFERIDO;ÁREA RURAL;2250;1200;3300
Ivaneide Nogueira, EMEB Profa.;74;9836250;ESTRADA TAQUACETUBA;TAQUACETUBA;INF;DEFERIDO;ÁREA RURAL;4775;2000;6800
Ivaneide Nogueira, EMEB Profa.;74;9836340;ESTRADA SIBIPIRUNA;TAQUACETUBA;INF;DEFERIDO;ÁREA RURAL;5150;4400;6800
Ivaneide Nogueira, EMEB Profa.;74;9836450;ESTRADA ALFREDO BONINI;TAQUACETUBA;INF;DEFERIDO;ÁREA RURAL;5450;5000;5900
Ivaneide Nogueira, EMEB Profa.;74;9836455;ESTRADA ALFREDO BONINI;TAQUACETUBA;INF;DEFERIDO;ÁREA RURAL;3000;3000;3000
Ivaneide Nogueira, EMEB Profa.;74;9836560;RUA GAMELEIRA;TAQUACETUBA;INF;DEFERIDO;ÁREA RURAL;4550;2500;6800
Ivaneide Nogueira, EMEB Profa.;74;9836570;RUA CAMOMILA;TAQUACETUBA;INF;DEFERIDO;ÁREA RURAL;6066,666667;5900;6900
Ivaneide Nogueira, EMEB Profa.;74;9836580;RUA CAVIUNA;TAQUACETUBA;INF;DEFERIDO;ÁREA RURAL;6150;5900;6400
Ivaneide Nogueira, EMEB Profa.;74;9837150;ESTRADA ERNESTO ZABEU;TATETOS;INF;DEFERIDO;ÁREA RURAL;6142,857143;5200;7700
Ivaneide Nogueira, EMEB Profa.;74;9837154;RUA JOAO CLEM;TATETOS;INF;DEFERIDO;ÁREA RURAL;5250;5200;5300
Ivaneide Nogueira, EMEB Profa.;74;9837156;RUA SALVIANO MOREIRA DA SILVA;TATETOS;INF;DEFERIDO;ÁREA RURAL;5300;5300;5300
Ivaneide Nogueira, EMEB Profa.;74;9837160;RUA GENEROSO BARBOSA;TATETOS;INF;DEFERIDO;ÁREA RURAL;5760;5400;6300
Ivaneide Nogueira, EMEB Profa.;74;9837165;RUA DOMINGOS MENDES PEREIRA;TATETOS;INF;DEFERIDO;ÁREA RURAL;5666,666667;5600;5700
Ivaneide Nogueira, EMEB Profa.;74;9837170;RUA PEDRO ABEL NICOLAU FILHO;TATETOS;INF;DEFERIDO;ÁREA RURAL;5550;5000;6100
Ivaneide Nogueira, EMEB Profa.;74;9837200;ESTRADA ALBERTO SILVA;TATETOS;INF;DEFERIDO;ÁREA RURAL;6045,454545;5900;6300
Ivaneide Nogueira, EMEB Profa.;74;9837205;ESTRADA ALBERTO SILVA;TATETOS;INF;DEFERIDO;ÁREA RURAL;6009,090909;5800;6300
Ivaneide Nogueira, EMEB Profa.;74;9837209;TRAVESSA TEREZA DE CAMPOS VIDAL;TATETOS;INF;DEFERIDO;ÁREA RURAL;6440;5000;11200
Ivaneide Nogueira, EMEB Profa.;74;9837211;RUA FRANCISCO LUIZ NUNES;TATETOS;INF;DEFERIDO;ÁREA RURAL;5180;2400;6200
Ivaneide Nogueira, EMEB Profa.;74;9837215;RUA HILDA MARTHA DO PRADO DE OLIVEIRA;TATETOS;INF;DEFERIDO;ÁREA RURAL;5666,666667;5600;5800
Ivaneide Nogueira, EMEB Profa.;74;9837230;RUA ROQUE PELISSARI;TATETOS;INF;DEFERIDO;ÁREA RURAL;5846,153846;5800;6000
Ivaneide Nogueira, EMEB Profa.;74;9837245;RUA BENEDITO CIPRIANO DE MORAES;TATETOS;INF;DEFERIDO;ÁREA RURAL;5557,142857;5300;5800
Ivaneide Nogueira, EMEB Profa.;74;9837250;ESTRADA ERNESTO ZABEU;TATETOS;INF;DEFERIDO;ÁREA RURAL;6133,333333;5300;6700
Ivaneide Nogueira, EMEB Profa.;74;9837350;ESTRADA ERNESTO ZABEU;TATETOS;INF;DEFERIDO;ÁREA RURAL;5700;5300;6400
Ivaneide Nogueira, EMEB Profa.;74;9837400;ESTRADA ARACARI;TATETOS;INF;DEFERIDO;ÁREA RURAL;6700;6600;6800
Ivaneide Nogueira, EMEB Profa.;74;9837450;ESTRADA ARACARI;TATETOS;INF;DEFERIDO;ÁREA RURAL;6400;6100;6600
Ivaneide Nogueira, EMEB Profa.;74;9837480;ESTRADA TAMANDUA BANDEIRA;TATETOS;INF;DEFERIDO;ÁREA RURAL;6533,333333;6200;6700
Ivaneide Nogueira, EMEB Profa.;74;9837650;ESTRADA ERNESTO ZABEU;TATETOS;INF;DEFERIDO;ÁREA RURAL;6000;5500;6500
Ivaneide Nogueira, EMEB Profa.;74;9838050;RUA DO PEIXE;CAPIVARI;INF;DEFERIDO;ÁREA RURAL;7583,333333;7400;7700
Ivaneide Nogueira, EMEB Profa.;74;9838060;RUA CARLOS WALL;CAPIVARI;INF;DEFERIDO;ÁREA RURAL;6622,222222;1000;7400
Ivaneide Nogueira, EMEB Profa.;74;9838090;RUA ANTONIO DA SILVA COSTA;CAPIVARI;INF;DEFERIDO;ÁREA RURAL;7180;7100;7200
Ivaneide Nogueira, EMEB Profa.;74;9838150;ESTRADA DO PAPAGAIO;CAPIVARI;INF;DEFERIDO;ÁREA RURAL;6214,285714;5800;6700
Ivaneide Nogueira, EMEB Profa.;74;9838159;RUA ADELINO SANTOS;CAPIVARI;INF;DEFERIDO;ÁREA RURAL;5850;5500;6600
Ivaneide Nogueira, EMEB Profa.;74;9838300;ESTRADA CAPIVARI;CAPIVARI;INF;DEFERIDO;ÁREA RURAL;6760;4600;7700
Ivaneide Nogueira, EMEB Profa.;74;9838300;ESTRADA CAPIVARI;TATETOS;INF;DEFERIDO;ÁREA RURAL;6760;4600;7700
Ivaneide Nogueira, EMEB Profa.;74;9838350;ESTRADA CAPIVARI;CAPIVARI;INF;DEFERIDO;ÁREA RURAL;7150;7000;7300
Ivaneide Nogueira, EMEB Profa.;74;9838390;ESTRADA CAPIVARI;CAPIVARI;INF;DEFERIDO;ÁREA RURAL;8800;7700;10900
Ivaneide Nogueira, EMEB Profa.;74;9835600;ESTRADA DO RIO ACIMA;CURUCUTU;INF;DEFERIDO;ÁREA RURAL;650;550;750
Jandira Maria Casonato, EMEB Profa.;76;9695100;RUA FREI DAMIAO;PAULICEIA;FUND;DEFERIDO;DISTÂNCIA MAIOR QUE 1500 METROS;2000;2000;2000
Mariana Benvinda da Costa, EMEB;116;9782450;RUA YASMIN;FERRAZOPOLIS;INF;DEFERIDO;DIFICULDADE DE ACESSO;1185,714286;1000;1400
Mariana Benvinda da Costa, EMEB;116;9781660;TRAVESSA JOSE MARTINS;FERRAZOPOLIS;INF;DEFERIDO;DIFICULDADE DE ACESSO;835;750;900
Janete Mally Betti Simoes, EMEB Profa.;77;9761210;RUA CORA CORALINA;INDUSTRIAL;FUND;INDEFERIDO;DISTÂNCIA MENOR QUE 1500 METROS;465;170;600
Mario Martins de Almeida, EMEB;120;9720270;RUA DE PINEDO;CENTRO;FUND;DEFERIDO;DIFICULDADE DE ACESSO;1300;800;1500
Mauricio Caetano de Castro I, EMEB;121;9782510;RUA MANOEL VITALDO CARMO;FERRAZOPOLIS;INF;DEFERIDO;DIFICULDADE DE ACESSO;942,8571429;800;1700
Mauricio Caetano de Castro I, EMEB;121;9782450;RUA YASMIN;FERRAZOPOLIS;INF;DEFERIDO;DIFICULDADE DE ACESSO;1168,75;500;4700
Mauricio Caetano de Castro II, EMEB;122;9855650;RUA CARAMBOLA;ALVES DIAS;FUND;DEFERIDO;DIFICULDADE DE ACESSO;1330;1200;1400
Mauricio Caetano de Castro II, EMEB;122;9855610;RUA JARACATIA;ALVES DIAS;FUND;DEFERIDO;DIFICULDADE DE ACESSO;1300;1100;2200
Nilo Campos Gomes, EMEB Prof.;128;9791100;AVENIDA VISCONDE DE CAIRU;FERRAZOPOLIS;FUND;DEFERIDO;DIFICULDADE DE ACESSO;765;600;850
Nilo Campos Gomes, EMEB Prof.;128;9790408;RUA FLOR DE PRIMAVERA;FERRAZOPOLIS;FUND;DEFERIDO;DIFICULDADE DE ACESSO;1153,125;900;1300
Nilo Campos Gomes, EMEB Prof.;128;9790408;RUA FLOR DE PRIMAVERA;JARDIM  SILVINA;FUND;DEFERIDO;DIFICULDADE DE ACESSO;1153,125;900;1300
Janete Mally Betti Simoes, EMEB Profa.;77;9784290;RUA FREI DAMIAO;MONTANHAO;FUND;DEFERIDO;DISTÂNCIA MAIOR QUE 1500 METROS;1533,333333;1500;1700
Nilo Campos Gomes, EMEB Prof.;128;9791357;RUA JOSE TEIXEIRA GUIMARAES;FERRAZOPOLIS;FUND;DEFERIDO;DIFICULDADE DE ACESSO;1007,142857;900;1100
Jorge Marcos de Oliveira, Dom, EMEB;79;9822030;ESTRADA DO VERGUEIRO;BOTUJURU;INF;DEFERIDO;DISTÂNCIA MAIOR QUE 1500 METROS;3333,333333;2900;3700
Jose Cataldi, EMEB;82;9820000;AVENIDA MARIA SERVIDEI DEMARCHI;DEMARCHI;FUND;INDEFERIDO;DISTÂNCIA MENOR QUE 1500 METROS;1141,666667;500;1300
Jose Getulio Escobar Bueno, EMEB Prof.;86;9725610;PASSAGEM MARIA ADELAIDE L QUELHAS;CENTRO;FUND;INDEFERIDO;DISTÂNCIA MENOR QUE 1500 METROS;1042,857143;900;1300
Jose Ibiapino Franklin, EMEB;87;9830100;RUA RIO ACIMA;RIO GRANDE;FUND;DEFERIDO;ÁREA RURAL;3445,833333;250;8000
Jose Ibiapino Franklin, EMEB;87;9830255;RUA RIO ACIMA;RIO GRANDE;FUND;DEFERIDO;ÁREA RURAL;4566;210;7400
Jose Ibiapino Franklin, EMEB;87;9835001;RUA CAMORIM;CURUCUTU;FUND;DEFERIDO;ÁREA RURAL;2275;1200;3000
Jose Ibiapino Franklin, EMEB;87;9835100;ESTRADA AGUA LIMPA;CURUCUTU;FUND;DEFERIDO;ÁREA RURAL;3300;3300;3300
Jose Ibiapino Franklin, EMEB;87;9835125;ESTRADA DO RIO ACIMA;CURUCUTU;FUND;DEFERIDO;ÁREA RURAL;1272,222222;450;5900
Jose Ibiapino Franklin, EMEB;87;9835150;ESTRADA VELHA CURUCUTU;CURUCUTU;FUND;DEFERIDO;ÁREA RURAL;1600;1100;2100
Jose Ibiapino Franklin, EMEB;87;9835495;ESTRADA DO RIO ACIMA;CAPIVARI;FUND;DEFERIDO;ÁREA RURAL;6012,5;3000;7800
Jose Ibiapino Franklin, EMEB;87;9835499;ESTRADA DO RIO ACIMA;CAPIVARI;FUND;DEFERIDO;ÁREA RURAL;3850;2500;7400
Jose Ibiapino Franklin, EMEB;87;9835530;ESTRADA ALICE PEREIRA DE SOUZA;SANTA CRUZ;FUND;DEFERIDO;ÁREA RURAL;1700;1400;2000
Jose Ibiapino Franklin, EMEB;87;9835565;RUA MARINALVA ALMEIDA DOS SANTOS;SANTA CRUZ;FUND;DEFERIDO;ÁREA RURAL;733,3333333;600;950
Jose Ibiapino Franklin, EMEB;87;9835577;ESTRADA DO RIO ACIMA;CAPIVARI;FUND;DEFERIDO;ÁREA RURAL;4650;2500;6800
Jose Ibiapino Franklin, EMEB;87;9835577;ESTRADA DO RIO ACIMA;SANTA CRUZ;FUND;DEFERIDO;ÁREA RURAL;4650;2500;6800
Jose Ibiapino Franklin, EMEB;87;9835600;ESTRADA DO RIO ACIMA;CURUCUTU;FUND;DEFERIDO;ÁREA RURAL;512,5;0;800
Jose Ibiapino Franklin, EMEB;87;9835700;ESTRADA DO MATARAZZO;CURUCUTU;EJA;DEFERIDO;ÁREA RURAL;1059,52381;650;3600
Jose Ibiapino Franklin, EMEB;87;9835700;ESTRADA DO MATARAZZO;CURUCUTU;FUND;DEFERIDO;ÁREA RURAL;1059,52381;650;3600
Jose Ibiapino Franklin, EMEB;87;9836100;ESTRADA TAQUACETUBA;TAQUACETUBA;FUND;DEFERIDO;ÁREA RURAL;4723,684211;1300;6900
Jose Ibiapino Franklin, EMEB;87;9836150;RUA AMARANTO;TAQUACETUBA;FUND;DEFERIDO;ÁREA RURAL;3066,666667;3000;3200
Jose Ibiapino Franklin, EMEB;87;9836250;ESTRADA TAQUACETUBA;TAQUACETUBA;EJA;DEFERIDO;ÁREA RURAL;4918,181818;1900;8300
Jose Ibiapino Franklin, EMEB;87;9836450;ESTRADA ALFREDO BONINI;TAQUACETUBA;FUND;DEFERIDO;ÁREA RURAL;400;400;400
Jose Ibiapino Franklin, EMEB;87;9836455;ESTRADA ALFREDO BONINI;TAQUACETUBA;FUND;DEFERIDO;ÁREA RURAL;4633,333333;2500;5700
Jose Ibiapino Franklin, EMEB;87;9836520;ESTRADA IMBURANA;TAQUACETUBA;FUND;DEFERIDO;ÁREA RURAL;6300;6000;6600
Jose Ibiapino Franklin, EMEB;87;9836570;RUA CAMOMILA;TAQUACETUBA;FUND;DEFERIDO;ÁREA RURAL;3675;3000;5700
Jose Ibiapino Franklin, EMEB;87;9836580;RUA CAVIUNA;TAQUACETUBA;FUND;DEFERIDO;ÁREA RURAL;5257,142857;2000;6000
Jose Ibiapino Franklin, EMEB;87;9836605;ESTRADA DA VARIANTE;TAQUACETUBA;FUND;DEFERIDO;ÁREA RURAL;4550;2600;6500
Jose Ibiapino Franklin, EMEB;87;9837160;RUA GENEROSO BARBOSA;TATETOS;FUND;DEFERIDO;ÁREA RURAL;5866,666667;5800;6000
Jose Ibiapino Franklin, EMEB;87;9837200;ESTRADA ALBERTO SILVA;TATETOS;FUND;DEFERIDO;ÁREA RURAL;6275;6200;6300
Jose Ibiapino Franklin, EMEB;87;9837205;ESTRADA ALBERTO SILVA;TATETOS;EJA;DEFERIDO;ÁREA RURAL;6110;0;11400
Jose Ibiapino Franklin, EMEB;87;9837205;ESTRADA ALBERTO SILVA;TATETOS;FUND;DEFERIDO;ÁREA RURAL;6110;0;11400
Jose Ibiapino Franklin, EMEB;87;9837215;RUA HILDA MARTHA DO PRADO DE OLIVEIRA;TATETOS;FUND;DEFERIDO;ÁREA RURAL;5850;5800;6000
Jose Ibiapino Franklin, EMEB;87;9837225;TRAVESSA DA SERVIDAO;TATETOS;FUND;DEFERIDO;ÁREA RURAL;6000;6000;6000
Jose Ibiapino Franklin, EMEB;87;9837230;RUA ROQUE PELISSARI;TATETOS;FUND;DEFERIDO;ÁREA RURAL;6028,571429;6000;6200
Jose Ibiapino Franklin, EMEB;87;9837250;ESTRADA ERNESTO ZABEU;TATETOS;FUND;DEFERIDO;ÁREA RURAL;6166,666667;5500;6800
Jose Ibiapino Franklin, EMEB;87;9837400;ESTRADA ARACARI;TATETOS;EJA;DEFERIDO;ÁREA RURAL;6680;6400;6800
Jose Ibiapino Franklin, EMEB;87;9837408;RUA MANDRIAO;TATETOS;FUND;DEFERIDO;ÁREA RURAL;11400;11400;11400
Jose Ibiapino Franklin, EMEB;87;9837410;RUA MURIQUI;TATETOS;FUND;DEFERIDO;ÁREA RURAL;5800;5800;5800
Jose Ibiapino Franklin, EMEB;87;9837445;ESTRADA TAMANDUA BANDEIRA;TATETOS;FUND;DEFERIDO;ÁREA RURAL;6900;6900;6900
Jose Ibiapino Franklin, EMEB;87;9837465;RUA SUCUARANA;TATETOS;FUND;DEFERIDO;ÁREA RURAL;7200;7200;7200
Jose Ibiapino Franklin, EMEB;87;9838060;RUA CARLOS WALL;CAPIVARI;FUND;DEFERIDO;ÁREA RURAL;7400;6800;7600
Jose Ibiapino Franklin, EMEB;87;9838090;RUA ANTONIO DA SILVA COSTA;CAPIVARI;FUND;DEFERIDO;ÁREA RURAL;7450;7300;7600
Jose Ibiapino Franklin, EMEB;87;9838150;ESTRADA DO PAPAGAIO;CAPIVARI;FUND;DEFERIDO;ÁREA RURAL;6788,888889;6100;7500
Jose Ibiapino Franklin, EMEB;87;9838159;RUA ADELINO SANTOS;CAPIVARI;FUND;DEFERIDO;ÁREA RURAL;5757,142857;5700;5900
Jose Ibiapino Franklin, EMEB;87;9838300;ESTRADA CAPIVARI;CAPIVARI;FUND;DEFERIDO;ÁREA RURAL;6963,636364;5600;7900
Jose Ibiapino Franklin, EMEB;87;9838350;ESTRADA CAPIVARI;CAPIVARI;FUND;DEFERIDO;ÁREA RURAL;5633,333333;4800;7300
Jose Ibiapino Franklin, EMEB;87;9838390;ESTRADA CAPIVARI;CAPIVARI;FUND;DEFERIDO;ÁREA RURAL;6657,142857;4800;10700
Jose Ibiapino Franklin, EMEB;87;9835495;ESTRADA DO RIO ACIMA;CAPIVARI;FUND;DEFERIDO;ÁREA RURAL;2600;2600;2600
Jose Ibiapino Franklin, EMEB;87;9837327;RUA RIO TAMBAU;TATETOS;FUND;DEFERIDO;ÁREA RURAL;4400;4400;4400
Jose Ibiapino Franklin, EMEB;87;9835600;ESTRADA DO RIO ACIMA;CURUCUTU;FUND;DEFERIDO;ÁREA RURAL;550;500;600
Nilo Campos Gomes, EMEB Prof.;128;9790405;RUA PONTE ALTA;FERRAZOPOLIS;FUND;DEFERIDO;DIFICULDADE DE ACESSO;922,7272727;600;1500
Nilo Campos Gomes, EMEB Prof.;128;9791300;RUA WASHINGTON LUIZ;FERRAZOPOLIS;FUND;DEFERIDO;DIFICULDADE DE ACESSO;1285,714286;1100;1400
Kazue Fuzinaka, EMEB Prof.;94;9695100;RUA FREI DAMIAO;PAULICEIA;FUND;DEFERIDO;DISTÂNCIA MAIOR QUE 1500 METROS;2185,714286;2000;2300
Lopes Trovao, EMEB;100;9851705;RUA VENCESLAU PEREIRA DE SOUZA;COOPERATIVA;FUND;DEFERIDO;DISTÂNCIA MAIOR QUE 1500 METROS;2440;2300;2600
Odete Maria Ramos Pinto, EMEB Irma;131;9784340;RUA VASCO DA GAMA;VILA SAO PEDRO;INF;DEFERIDO;DIFICULDADE DE ACESSO;1433,333333;900;2500
Marcelo Roberto Dias, EMEB;106;9847500;RUA FRANCISCO AFONSO RIGUEIRA;BATISTINI;INF;DEFERIDO;DISTÂNCIA MAIOR QUE 1500 METROS;3090;3000;3200
Marcelo Roberto Dias, EMEB;106;9854690;RUA PAU BRASIL;ALVARENGA;INF;DEFERIDO;DISTÂNCIA MAIOR QUE 1500 METROS;3185,714286;3100;3300
Olegario Jose Godoy, EMEB;14;9782120;RUA ANA JULIA LUIZ;MONTANHAO;FUND;DEFERIDO;DIFICULDADE DE ACESSO;682,3529412;600;800
Olegario Jose Godoy, EMEB;14;9782450;RUA YASMIN;FERRAZOPOLIS;FUND;DEFERIDO;DIFICULDADE DE ACESSO;610,5263158;400;1800
Paulo Freire, EMEB;159;9831110;RUA MIGUEL GUERRA;FINCO;FUND;DEFERIDO;DIFICULDADE DE ACESSO;1700;1300;2000
Paulo Freire, EMEB;159;9831110;RUA MIGUEL GUERRA;FINCO;INF;DEFERIDO;DIFICULDADE DE ACESSO;1700;1300;2000
Mario Martins de Almeida, EMEB;120;9784000;AVENIDA DOM PEDRO DE ALCANTARA;VILA SAO PEDRO;FUND;DEFERIDO;DISTÂNCIA MAIOR QUE 1500 METROS;2742,857143;1800;3100
Mauricio Caetano de Castro II, EMEB;122;9851135;RUA CAMINHO DA EDUCACAO;ALVES DIAS;FUND;INDEFERIDO;DISTÂNCIA MENOR QUE 1500 METROS;914,2857143;850;1000
Paulo Freire, EMEB;159;9831150;RUA PADRE BENTO DIAS PACHECO;FINCO;FUND;DEFERIDO;DIFICULDADE DE ACESSO;1400;1400;1400
Regina Rocco Casa I, EMEB;213;9782120;RUA ANA JULIA LUIZ;MONTANHAO;INF;DEFERIDO;DIFICULDADE DE ACESSO;850;850;850
Moyses Cheid, EMEB;124;9851135;RUA CAMINHO DA EDUCACAO;ALVES DIAS;INF;INDEFERIDO;DISTÂNCIA MENOR QUE 1500 METROS;1116,666667;1000;1300
Moyses Cheid, EMEB;124;9852040;ESTRADA PARTICULAR EIJI KIKUTI;COOPERATIVA;INF;INDEFERIDO;DISTÂNCIA MENOR QUE 1500 METROS;961,1111111;800;1400
Nadia Aparecida Issa Pina, EMEB;125;9784390;RUA CHICO MENDES;VILA SAO PEDRO;FUND;DEFERIDO;DISTÂNCIA MAIOR QUE 1500 METROS;2600;2500;2700
Natalina Cuzziol Ferro, EMEB;126;9821090;RUA ARCOIRIS;BOTUJURU;FUND;INDEFERIDO;DISTÂNCIA MENOR QUE 1500 METROS;1280;1200;1300
Natalina Cuzziol Ferro, EMEB;126;9821400;AVENIDA BEETHOVEN;VILA DAS VALSAS;FUND;DEFERIDO;DISTÂNCIA MAIOR QUE 1500 METROS;1800;1800;1800
Natalina Cuzziol Ferro, EMEB;126;9821540;AVENIDA IVANOVSKI;VILA DAS VALSAS;FUND;DEFERIDO;DISTÂNCIA MAIOR QUE 1500 METROS;2058,333333;2000;2100
Natalina Cuzziol Ferro, EMEB;126;9822020;ESTRADA BRASILIO DE LIMA;BOTUJURU;FUND;DEFERIDO;DISTÂNCIA MAIOR QUE 1500 METROS;4606,25;3300;5700
Regina Rocco Casa I, EMEB;213;9782120;RUA ANA JULIA LUIZ;MONTANHAO;CRECHE;DEFERIDO;DIFICULDADE DE ACESSO;850;850;850
Nilo Campos Gomes, EMEB Prof.;128;9790530;AVENIDA JESUS DE NAZARETH;FERRAZOPOLIS;FUND;INDEFERIDO;DISTÂNCIA MENOR QUE 1500 METROS;1080;900;1200
Nilo Campos Gomes, EMEB Prof.;128;9791320;RUA JEQUITIBA ROSA;MONTANHAO;FUND;DEFERIDO;DISTÂNCIA MAIOR QUE 1500 METROS;1750;1700;1800
Paulo Morando, EMEB;137;9842070;TRAVESSA DAS FLORES;BATISTINI;INF;DEFERIDO;DISTÂNCIA MAIOR QUE 1500 METROS;2742,857143;2500;2900
Paulo Morando, EMEB;137;9842095;RUA SERVIDAO PARTICULAR;BATISTINI;INF;DEFERIDO;DISTÂNCIA MAIOR QUE 1500 METROS;2140;2100;2200
Regina Rocco Casa I, EMEB;213;9783610;RUA DA EDUCACAO;MONTANHAO;CRECHE;DEFERIDO;DIFICULDADE DE ACESSO;1483,870968;1200;1800
Regina Rocco Casa I, EMEB;213;9784550;RUA TERTULIANO JUNIOR;MONTANHAO;INF;DEFERIDO;DIFICULDADE DE ACESSO;1209,090909;1100;1300
Regina Rocco Casa I, EMEB;213;9782450;RUA YASMIN;FERRAZOPOLIS;CRECHE;DEFERIDO;DIFICULDADE DE ACESSO;831,8181818;600;1000
Regina Rocco Casa II, EMEB;214;9784000;AVENIDA DOM PEDRO DE ALCANTARA;MONTANHAO;FUND;DEFERIDO;DIFICULDADE DE ACESSO;1347,297297;800;2000
Regina Rocco Casa II, EMEB;214;9783700;RUA 14 DE MAIO;MONTANHAO;FUND;DEFERIDO;DIFICULDADE DE ACESSO;1177,777778;1000;1500
Regina Rocco Casa II, EMEB;214;9782120;RUA ANA JULIA LUIZ;MONTANHAO;FUND;DEFERIDO;DIFICULDADE DE ACESSO;1100;800;1400
Regina Rocco Casa II, EMEB;214;9782420;RUA CARAJAS FILHO;FERRAZOPOLIS;FUND;DEFERIDO;DIFICULDADE DE ACESSO;861,1111111;600;1100
Regina Rocco Casa II, EMEB;214;9784490;RUA CENTRAL;MONTANHAO;FUND;DEFERIDO;DIFICULDADE DE ACESSO;1247,619048;1100;1700
Regina Rocco Casa II, EMEB;214;9784490;RUA CENTRAL;VILA SAO PEDRO;FUND;DEFERIDO;DIFICULDADE DE ACESSO;1247,619048;1100;1700
Regina Rocco Casa II, EMEB;214;9784390;RUA CHICO MENDES;VILA SAO PEDRO;FUND;DEFERIDO;DIFICULDADE DE ACESSO;1361,538462;1200;1700
Regina Rocco Casa II, EMEB;214;9783610;RUA DA EDUCACAO;MONTANHAO;FUND;DEFERIDO;DIFICULDADE DE ACESSO;1118,181818;650;1700
Regina Rocco Casa II, EMEB;214;9784545;RUA DA LUA;MONTANHAO;FUND;DEFERIDO;DIFICULDADE DE ACESSO;1071,428571;1000;1300
Regina Rocco Casa II, EMEB;214;9784525;RUA DAS ESTRELAS;MONTANHAO;FUND;DEFERIDO;DIFICULDADE DE ACESSO;1145;850;1400
Francisco Diassis Gomes Teixeira, EMEB;142;9852405;RUA MIL E UM;ALVARENGA;CRECHE;DEFERIDO;DISTÂNCIA MAIOR QUE 1500 METROS;2054,545455;1800;2300
Ramiro Goncalez Fernandes, EMEB Prof.;143;9668130;RUA LUIZ VIEIRA DE SOUZA;TABOAO;FUND;DEFERIDO;DISTÂNCIA MAIOR QUE 1500 METROS;1509,090909;1500;1600
Sonia Regina Hernandez de Lima, EMEB Profa.;153;9831550;RUA ANTONIO BISOGNINI;FINCO;CRECHE;DEFERIDO;ÁREA RURAL;2100;2000;2200
Regina Rocco Casa II, EMEB;214;9784525;RUA DAS ESTRELAS;VILA SAO PEDRO;FUND;DEFERIDO;DIFICULDADE DE ACESSO;1145;850;1400
Regina Rocco Casa II, EMEB;214;9784500;RUA JOANA D\ARC;MONTANHAO;FUND;DEFERIDO;DIFICULDADE DE ACESSO;1220,833333;850;1600
Regina Rocco Casa II, EMEB;214;9784500;RUA JOANA DARC;MONTANHAO;FUND;DEFERIDO;DIFICULDADE DE ACESSO;1266,666667;1100;1500
Regina Rocco Casa II, EMEB;214;9782790;RUA MARIA JOSE SILVA;FERRAZOPOLIS;FUND;DEFERIDO;DIFICULDADE DE ACESSO;938,4615385;0;1100
Suzete Aparecida de Campos, EMEB Profa.;154;9832170;RUA BENEDITO DA SILVA;RIO GRANDE;FUND;DEFERIDO;DISTÂNCIA MAIOR QUE 1500 METROS;4500;4500;4500
Suzete Aparecida de Campos, EMEB Profa.;154;9832172;RUA JOSE PALERMO;RIO GRANDE;FUND;DEFERIDO;DISTÂNCIA MAIOR QUE 1500 METROS;4500;4500;4500
Suzete Aparecida de Campos, EMEB Profa.;154;9832174;RUA QUITERIA ANA LEITE DA SILVA;RIO GRANDE;FUND;DEFERIDO;DISTÂNCIA MAIOR QUE 1500 METROS;4700;4700;4700
Suzete Aparecida de Campos, EMEB Profa.;154;9832430;RUA ALJUBARROTA;RIO GRANDE;FUND;DEFERIDO;DISTÂNCIA MAIOR QUE 1500 METROS;2400;2400;2400
Tereza Delta, EMEB Prefeita;157;9821400;AVENIDA BEETHOVEN;VILA DAS VALSAS;INF;DEFERIDO;DISTÂNCIA MAIOR QUE 1500 METROS;1600;1600;1600
Tereza Delta, EMEB Prefeita;157;9821540;AVENIDA IVANOVSKI;VILA DAS VALSAS;INF;DEFERIDO;DISTÂNCIA MAIOR QUE 1500 METROS;1800;1800;1800
Regina Rocco Casa II, EMEB;214;9784100;RUA SAO JOAO DEL REI;MONTANHAO;FUND;DEFERIDO;DIFICULDADE DE ACESSO;1044,444444;900;1400
Paulo Freire, EMEB;159;9831190;RUA MARIO PAULO AUTUORI;FINCO;FUND;DEFERIDO;DISTÂNCIA MAIOR QUE 1500 METROS;1800;1800;1800
Vicente Zammite Mammana, EMEB Dr;162;9850468;RUA MARANHAO;ALVES DIAS;FUND;DEFERIDO;DISTÂNCIA MAIOR QUE 1500 METROS;4783,333333;4700;4900
Viriato Correia, EMEB;164;9725610;PASSAGEM MARIA ADELAIDE L QUELHAS;CENTRO;FUND;INDEFERIDO;ESCOLA POR OPÇÃO;5300;5100;5500
Waldemar Canciani, EMEB Prof.;166;9843230;RUA COTEGIPE;BATISTINI;FUND;INDEFERIDO;DISTÂNCIA MENOR QUE 1500 METROS;1137,5;1000;1400
Zoraida Aparecida Ramos, EMEB Profa;167;9850730;RUA MODESTO SALERA;ALVARENGA;CRECHE;DEFERIDO;DISTÂNCIA MAIOR QUE 1500 METROS;1516,666667;1500;1600
Jose Arnaud da Silva, EMEB (Pinheirinho);172;9844115;RUA AGUAS DE SANTA CLARA;BATISTINI;FUND;DEFERIDO;DISTÂNCIA MAIOR QUE 1500 METROS;3377,777778;3300;3500
Hermann Gmeiner, Aldeias SOS - Creche;182;9830100;RUA RIO ACIMA;RIO GRANDE;CRECHE;DEFERIDO;ÁREA RURAL;2862,5;1500;8200
Hermann Gmeiner, Aldeias SOS - Creche;182;9835495;ESTRADA DO RIO ACIMA;CAPIVARI;CRECHE;DEFERIDO;ÁREA RURAL;5200;4400;6000
Hermann Gmeiner, Aldeias SOS - Creche;182;9835530;ESTRADA ALICE PEREIRA DE SOUZA;SANTA CRUZ;CRECHE;DEFERIDO;ÁREA RURAL;7225;6200;8500
Hermann Gmeiner, Aldeias SOS - Creche;182;9835555;RUA HUGO VIEIRA PINTO;SANTA CRUZ;CRECHE;DEFERIDO;ÁREA RURAL;6563,636364;4900;7900
Hermann Gmeiner, Aldeias SOS - Creche;182;9835557;RUA IARA DIE PEREIRA;SANTA CRUZ;CRECHE;DEFERIDO;ÁREA RURAL;7450;7400;7500
Hermann Gmeiner, Aldeias SOS - Creche;182;9835559;RUA FLORIANO ALVES DA SILVA;SANTA CRUZ;CRECHE;DEFERIDO;ÁREA RURAL;6823,076923;3900;7900
Hermann Gmeiner, Aldeias SOS - Creche;182;9835565;RUA MARINALVA ALMEIDA DOS SANTOS;SANTA CRUZ;CRECHE;DEFERIDO;ÁREA RURAL;6500;4500;7700
Hermann Gmeiner, Aldeias SOS - Creche;182;9835577;ESTRADA DO RIO ACIMA;SANTA CRUZ;CRECHE;DEFERIDO;ÁREA RURAL;6281,25;2000;8400
Hermann Gmeiner, Aldeias SOS - Creche;182;9835600;ESTRADA DO RIO ACIMA;CURUCUTU;CRECHE;DEFERIDO;ÁREA RURAL;8225;8200;8300
Hermann Gmeiner, Aldeias SOS - Creche;182;9835700;ESTRADA DO MATARAZZO;CURUCUTU;CRECHE;DEFERIDO;ÁREA RURAL;5620;3500;7300
Hermann Gmeiner, Aldeias SOS - Creche;182;9836100;ESTRADA TAQUACETUBA;TAQUACETUBA;CRECHE;DEFERIDO;ÁREA RURAL;9050;6800;11700
Hermann Gmeiner, Aldeias SOS - Creche;182;9836150;RUA AMARANTO;TAQUACETUBA;CRECHE;DEFERIDO;ÁREA RURAL;4500;4500;4500
Hermann Gmeiner, Aldeias SOS - Creche;182;9837150;ESTRADA ERNESTO ZABEU;TATETOS;CRECHE;DEFERIDO;ÁREA RURAL;2660;1100;3300
Hermann Gmeiner, Aldeias SOS - Creche;182;9837160;RUA GENEROSO BARBOSA;TATETOS;CRECHE;DEFERIDO;ÁREA RURAL;2740;1000;3200
Hermann Gmeiner, Aldeias SOS - Creche;182;9837200;ESTRADA ALBERTO SILVA;TATETOS;CRECHE;DEFERIDO;ÁREA RURAL;1716,666667;750;3100
Hermann Gmeiner, Aldeias SOS - Creche;182;9837205;ESTRADA ALBERTO SILVA;TATETOS;CRECHE;DEFERIDO;ÁREA RURAL;3050;2900;3200
Hermann Gmeiner, Aldeias SOS - Creche;182;9837209;TRAVESSA TEREZA DE CAMPOS VIDAL;TATETOS;CRECHE;DEFERIDO;ÁREA RURAL;7250;4100;10400
Hermann Gmeiner, Aldeias SOS - Creche;182;9837215;RUA HILDA MARTHA DO PRADO DE OLIVEIRA;TATETOS;CRECHE;DEFERIDO;ÁREA RURAL;2400;2000;2800
Hermann Gmeiner, Aldeias SOS - Creche;182;9837230;RUA ROQUE PELISSARI;TATETOS;CRECHE;DEFERIDO;ÁREA RURAL;2466,666667;1300;3100
Hermann Gmeiner, Aldeias SOS - Creche;182;9837245;RUA BENEDITO CIPRIANO DE MORAES;TATETOS;CRECHE;DEFERIDO;ÁREA RURAL;2380;1300;3000
Hermann Gmeiner, Aldeias SOS - Creche;182;9837312;RUA RIO TURVO;TATETOS;CRECHE;DEFERIDO;ÁREA RURAL;2652;4;5300
Hermann Gmeiner, Aldeias SOS - Creche;182;9837410;RUA MURIQUI;TATETOS;CRECHE;DEFERIDO;ÁREA RURAL;2400;1100;3100
Hermann Gmeiner, Aldeias SOS - Creche;182;9837445;ESTRADA TAMANDUA BANDEIRA;TATETOS;CRECHE;DEFERIDO;ÁREA RURAL;4900;3600;7500
Hermann Gmeiner, Aldeias SOS - Creche;182;9838060;RUA CARLOS WALL;CAPIVARI;CRECHE;DEFERIDO;ÁREA RURAL;6600;6500;6700
Hermann Gmeiner, Aldeias SOS - Creche;182;9838090;RUA ANTONIO DA SILVA COSTA;CAPIVARI;CRECHE;DEFERIDO;ÁREA RURAL;6450;6400;6500
Hermann Gmeiner, Aldeias SOS - Creche;182;9838150;ESTRADA DO PAPAGAIO;CAPIVARI;CRECHE;DEFERIDO;ÁREA RURAL;3700;1500;5900
Hermann Gmeiner, Aldeias SOS - Creche;182;9838162;RUA AMARO SANTOS;CAPIVARI;CRECHE;DEFERIDO;ÁREA RURAL;23500;1000;46000
Hermann Gmeiner, Aldeias SOS - Creche;182;9835555;RUA HUGO VIEIRA PINTO;SANTA CRUZ;CRECHE;DEFERIDO;ÁREA RURAL;;;
Hermann Gmeiner, Aldeias SOS - Creche;182;9836100;ESTRADA TAQUACETUBA;TAQUACETUBA;CRECHE;DEFERIDO;ÁREA RURAL;;;
Betel, ASPAS  Ass Presbiteriana Ass Social  Creche;185;9790530;AVENIDA JESUS DE NAZARETH;FERRAZOPOLIS;CRECHE;INDEFERIDO;DISTÂNCIA MENOR QUE 1500 METROS;1080;900;1200
Regina Rocco Casa II, EMEB;214;9784550;RUA TERTULIANO JUNIOR;MONTANHAO;FUND;DEFERIDO;DIFICULDADE DE ACESSO;1050;900;1400
Margarida Creche, Ass. de Promocao Humana e Resgate da Cidadania;189;9791240;PASSAGEM DOS CAFEZAIS;MONTANHAO;CRECHE;DEFERIDO;DISTÂNCIA MAIOR QUE 1500 METROS;1677,777778;1600;1700
Margarida Creche, Ass. de Promocao Humana e Resgate da Cidadania;189;9791320;RUA JEQUITIBA ROSA;MONTANHAO;CRECHE;DEFERIDO;DISTÂNCIA MAIOR QUE 1500 METROS;1787,5;1700;1900
Jesus de Nazareth I, Creche;194;9850550;ESTRADA DOS ALVARENGAS;ALVARENGA;CRECHE;DEFERIDO;DISTÂNCIA MAIOR QUE 1500 METROS;6200;5700;6700
Jesus de Nazareth I, Creche;194;9850550;ESTRADA DOS ALVARENGAS;ASSUNCAO;CRECHE;DEFERIDO;DISTÂNCIA MAIOR QUE 1500 METROS;6200;5700;6700
Jesus de Nazareth II, Creche;195;9850550;ESTRADA DOS ALVARENGAS;ASSUNCAO;CRECHE;DEFERIDO;DISTÂNCIA MAIOR QUE 1500 METROS;4371,428571;3100;6700
Maria Amelia, Lar;203;9852040;ESTRADA PARTICULAR EIJI KIKUTI;COOPERATIVA;CRECHE;DEFERIDO;DISTÂNCIA MAIOR QUE 1500 METROS;1800;1700;2200
Dehon, Nucleo Marisa - Creche Padre;206;9832170;RUA BENEDITO DA SILVA;RIO GRANDE;CRECHE;DEFERIDO;DISTÂNCIA MAIOR QUE 1500 METROS;1755,555556;1600;1900
Pelicano, Sociedade Fraternitas de SBC - Creche;209;9771211;AVENIDA WALLACE SIMONSEN ;NOVA PETROPOLIS;CRECHE;DEFERIDO;DISTÂNCIA MAIOR QUE 1500 METROS;2372,727273;2200;2500
Celso Augusto Daniel, EMEB;210;9851705;RUA VENCESLAU PEREIRA DE SOUZA;COOPERATIVA;FUND;INDEFERIDO;DISTÂNCIA MENOR QUE 1500 METROS;871,4285714;800;1000
Luiza Maria de Farias, CEU (CEU Silvina);211;9791225;PASSAGEM DO SOSSEGO;MONTANHAO;FUND;DEFERIDO;DISTÂNCIA MAIOR QUE 1500 METROS;2204,166667;2000;2400
Luiza Maria de Farias, CEU (CEU Silvina);211;9791225;PASSAGEM DO SOSSEGO;MONTANHAO;INF;DEFERIDO;DISTÂNCIA MAIOR QUE 1500 METROS;2204,166667;2000;2400
Luiza Maria de Farias, CEU (CEU Silvina);211;9791240;PASSAGEM DOS CAFEZAIS;MONTANHAO;INF;DEFERIDO;DISTÂNCIA MAIOR QUE 1500 METROS;2126,530612;2000;2300
Luiza Maria de Farias, CEU (CEU Silvina);211;9791250;ESTRADA DO MONTANHAO;MONTANHAO;INF;DEFERIDO;DISTÂNCIA MAIOR QUE 1500 METROS;2400;2400;2400
Luiza Maria de Farias, CEU (CEU Silvina);211;9791320;RUA JEQUITIBA ROSA;JARDIM  SILVINA;FUND;DEFERIDO;DISTÂNCIA MAIOR QUE 1500 METROS;1600;1600;1600
Regina Rocco Casa II, EMEB;214;9784395;RUA TRIBUTINO NUNES;MONTANHAO;FUND;DEFERIDO;DIFICULDADE DE ACESSO;1430,769231;1200;1800
Regina Rocco Casa II, EMEB;214;9784395;RUA TRIBUTINO NUNES;VILA SAO PEDRO;FUND;DEFERIDO;DIFICULDADE DE ACESSO;1430,769231;1200;1800
Regina Rocco Casa II, EMEB;214;9781230;RUA JOAO DE BARROS;FERRAZOPOLIS;FUND;INDEFERIDO;DISTÂNCIA MENOR QUE 1500 METROS;955,5555556;500;1100
Regina Rocco Casa II, EMEB;214;9781500;RUA TIRADENTES;MONTANHAO;FUND;INDEFERIDO;DISTÂNCIA MENOR QUE 1500 METROS;922,7272727;500;1300
Regina Rocco Casa II, EMEB;214;9782450;RUA YASMIN;FERRAZOPOLIS;FUND;DEFERIDO;DIFICULDADE DE ACESSO;992,8571429;650;1200
Sonia Regina Hernandez de Lima, EMEB Profa.;153;9831740;RUA RIO GRANDE;RIO GRANDE;CRECHE;DEFERIDO;DIFICULDADE DE ACESSO;1225;950;1400
Suzete Aparecida de Campos, EMEB Profa.;154;9831730;PASSAGEM 14 DE ABRIL;RIO GRANDE;FUND;DEFERIDO;DIFICULDADE DE ACESSO;554,1666667;450;600
Suzete Aparecida de Campos, EMEB Profa.;154;9831739;PASSAGEM ANAPOLIS;RIO GRANDE;FUND;DEFERIDO;DIFICULDADE DE ACESSO;668,75;600;900
Suzete Aparecida de Campos, EMEB Profa.;154;9831735;PASSAGEM TROPICAL;RIO GRANDE;FUND;DEFERIDO;DIFICULDADE DE ACESSO;671,875;550;1000
Suzete Aparecida de Campos, EMEB Profa.;154;9831780;RUA BELO MONTE;RIO GRANDE;FUND;DEFERIDO;DIFICULDADE DE ACESSO;662,5;600;700
Regina Rocco Casa II, EMEB;214;9784060;RUA DOS PASSAROS ;MONTANHAO;FUND;INDEFERIDO;DISTÂNCIA MENOR QUE 1500 METROS;778,5714286;600;900
Suzete Aparecida de Campos, EMEB Profa.;154;9831770;RUA JACIPORA;RIO GRANDE;FUND;DEFERIDO;DIFICULDADE DE ACESSO;870,7317073;650;4700
Regina Rocco Casa II, EMEB;214;9784210;RUA DA BICA;VILA SAO PEDRO;FUND;DEFERIDO;DISTÂNCIA MAIOR QUE 1500 METROS;1700;1500;2100
Regina Rocco Casa II, EMEB;214;9784275;RUA PERUIBE;VILA SAO PEDRO;FUND;DEFERIDO;DISTÂNCIA MAIOR QUE 1500 METROS;1683,333333;1600;2000
Regina Rocco Casa II, EMEB;214;9784295;RUA MONTE DAS OLIVEIRAS;VILA SAO PEDRO;FUND;DEFERIDO;DISTÂNCIA MAIOR QUE 1500 METROS;1766,666667;1500;2200
Regina Rocco Casa II, EMEB;214;9784450;RUA PRINCESA ISABEL;MONTANHAO;FUND;DEFERIDO;DISTÂNCIA MAIOR QUE 1500 METROS;1712,5;1500;2000
Regina Rocco Casa II, EMEB;214;9784450;RUA PRINCESA ISABEL;VILA SAO PEDRO;FUND;DEFERIDO;DISTÂNCIA MAIOR QUE 1500 METROS;1712,5;1500;2000
Regina Rocco Casa II, EMEB;214;9784460;RUA UNIAO;MONTANHAO;FUND;DEFERIDO;DISTÂNCIA MAIOR QUE 1500 METROS;1583,333333;1500;1800
Regina Rocco Casa II, EMEB;214;9784465;RUA SAO JOSE;MONTANHAO;FUND;DEFERIDO;DISTÂNCIA MAIOR QUE 1500 METROS;1662,5;1500;2200
Suzete Aparecida de Campos, EMEB Profa.;154;9831737;RUA NOVA;RIO GRANDE;FUND;DEFERIDO;DIFICULDADE DE ACESSO;657,1428571;500;1500
Suzete Aparecida de Campos, EMEB Profa.;154;9831720;TRAVESSA VISTA ALEGRE;RIO GRANDE;FUND;DEFERIDO;DIFICULDADE DE ACESSO;850;700;1000
Valter Carmona, Creche (Ferrazopolis II);219;9720270;RUA DE PINEDO;CENTRO;CRECHE;DEFERIDO;DIFICULDADE DE ACESSO;781,25;700;900
Vicente de Carvalho, EMEB;161;9695100;RUA FREI DAMIAO;PAULICEIA;INF;DEFERIDO;DIFICULDADE DE ACESSO;1210,416667;950;1600
Waldemar Canciani, EMEB Prof.;166;9844250;RUA GINEZ GONSALEZ;BATISTINI;FUND;DEFERIDO;DIFICULDADE DE ACESSO;1191,666667;750;1300
Hilda Batazoli Teixeira, EMEB Profa (antiga Riacho Grande);217;9831120;RUA ROSA INEZ BRUNI PINCHIARO;FINCO;CRECHE;DEFERIDO;DISTÂNCIA MAIOR QUE 1500 METROS;3085,714286;2800;3300
Hilda Batazoli Teixeira, EMEB Profa (antiga Riacho Grande);217;9832172;RUA JOSE PALERMO;RIO GRANDE;CRECHE;DEFERIDO;DISTÂNCIA MAIOR QUE 1500 METROS;4700;4700;4700
Hilda Batazoli Teixeira, EMEB Profa (antiga Riacho Grande);217;9832174;RUA QUITERIA ANA LEITE DA SILVA;RIO GRANDE;CRECHE;DEFERIDO;DISTÂNCIA MAIOR QUE 1500 METROS;4400;4400;4400
Valter Carmona, Creche (Ferrazopolis II);219;9720470;RUA COMENDADOR CARLO MARIO GARDANO;CENTRO;CRECHE;DEFERIDO;DISTÂNCIA MAIOR QUE 1500 METROS;1900;1800;2000
Nazareth, EMEB Jd;220;9852040;ESTRADA PARTICULAR EIJI KIKUTI;COOPERATIVA;CRECHE;INDEFERIDO;DISTÂNCIA MENOR QUE 1500 METROS;1095;700;1300
Nazareth, EMEB Jd;220;9852040;ESTRADA PARTICULAR EIJI KIKUTI;COOPERATIVA;INF;INDEFERIDO;DISTÂNCIA MENOR QUE 1500 METROS;1095;700;1300
Angela Baso Agostin, Associacao Cultural Dom Decio Pereira 1 - Creche (Jd Silvina);223;9790615;RUA GOLDEN PARK;MONTANHAO;CRECHE;INDEFERIDO;DISTÂNCIA MENOR QUE 1500 METROS;741,6666667;600;850
Jesus Bambino, Obras Sociais Sao Pedro Apostolo III;305;9850550;ESTRADA DOS ALVARENGAS;ASSUNCAO;CRECHE;DEFERIDO;DISTÂNCIA MAIOR QUE 1500 METROS;5700;5700;5700
Jesus Bambino, Obras Sociais Sao Pedro Apostolo III;305;9852405;RUA MIL E UM;ALVARENGA;CRECHE;DEFERIDO;DISTÂNCIA MAIOR QUE 1500 METROS;3045,454545;2900;3200
Futuro Feliz, Cei;339;9791320;RUA JEQUITIBA ROSA;MONTANHAO;CRECHE;INDEFERIDO;DISTÂNCIA MENOR QUE 1500 METROS;1271,428571;1200;1300
El Elion Creche 2 Instituto Assistencial Edificando Vidas;341;9843690;RUA PARANAGUA;BATISTINI;CRECHE;INDEFERIDO;DISTÂNCIA MENOR QUE 1500 METROS;346;250;700
El Elion Creche 2 Instituto Assistencial Edificando Vidas;341;9843725;RUA FLORESTAL;BATISTINI;CRECHE;DEFERIDO;DISTÂNCIA MAIOR QUE 1500 METROS;1671,428571;1600;1700
El Elion Creche 2 Instituto Assistencial Edificando Vidas;341;9843730;RUA PARAIBA;BATISTINI;CRECHE;DEFERIDO;DISTÂNCIA MAIOR QUE 1500 METROS;1710;1500;1800
Pedra de Carvalho, EMEB;441;9862040;RUA DR CURT;INDEPENDENCIA;FUND;INDEFERIDO;DISTÂNCIA MENOR QUE 1500 METROS;800;750;850
ABASC 2;513;9822051;RUA JURUBEBA;JARDIM JUSSARA;CRECHE;DEFERIDO;DISTÂNCIA MAIOR QUE 1500 METROS;2875;2800;2900
Projeto Crianca 1, Associacao;520;9790530;AVENIDA JESUS DE NAZARETH;FERRAZOPOLIS;CRECHE;INDEFERIDO;DISTÂNCIA MENOR QUE 1500 METROS;1042,857143;900;1200
Carmen Tabet De Oliveira, EMEB Profa.;36;9838090;RUA ANTONIO DA SILVA COSTA;CAPIVARI;FUND;DEFERIDO;ÁREA RURAL;4066,666667;3800;4200
Jose Ibiapino Franklin, EMEB;87;9836250;ESTRADA TAQUACETUBA;TAQUACETUBA;FUND;DEFERIDO;ÁREA RURAL;4918,181818;1900;8300
Jose Ibiapino Franklin, EMEB;87;9835700;ESTRADA DO MATARAZZO;SANTA CRUZ;FUND;DEFERIDO;ÁREA RURAL;1059,52381;650;3600
Projeto Crianca 1, Associacao;523;9725610;PASSAGEM MARIA ADELAIDE L QUELHAS;CENTRO;FUND;DEFERIDO;DISTÂNCIA MAIOR QUE 1500 METROS;2680;1500;2800
;;;;CENTRO;;INDEFERIDO;;;;
;;;;RUDGE RAMOS;;INDEFERIDO;;;;
;;;;NOVA PETROPOLIS;;INDEFERIDO;;;;
